scenario,operator_id,name,asset_id,hardware,status,reason,latency_us,flops,inputs,parameters,engine_mode,engine_source_hash,operator_hash,timeout_seconds
roofline,builtin:matmul,MatMul,,H200_Server/train,succeeded,,0.5461333333333334,268435456,"[{""name"": ""A"", ""shape"": [1024, 512], ""dtype"": ""bf16"", ""role"": ""input""}, {""name"": ""B"", ""shape"": [512, 256], ""dtype"": ""bf16"", ""role"": ""input""}]",{},roofline,80976cc4aef8c6113e512c92d4d4610285938981d0389a097579b73c8a313ef1,47eb58995af59dcfb817f850788a5411b0bb6bea563a96c2ee7c1ce70e897469,10
roofline,builtin:linear,Linear,,H200_Server/train,succeeded,,0.5461333333333334,268435456,"[{""name"": ""input"", ""shape"": [1024, 512], ""dtype"": ""bf16"", ""role"": ""input""}, {""name"": ""weight"", ""shape"": [256, 512], ""dtype"": ""bf16"", ""role"": ""input""}]",{},roofline,80976cc4aef8c6113e512c92d4d4610285938981d0389a097579b73c8a313ef1,bced5eaa254f33508cd93f139a410e7f77f18d26ef43cf3f0507af1f89560ae9,10
roofline,builtin:bmm,BMM,,H200_Server/train,succeeded,,2.8086857142857142,536870912,"[{""name"": ""A"", ""shape"": [32, 128, 512], ""dtype"": ""bf16"", ""role"": ""input""}, {""name"": ""B"", ""shape"": [32, 512, 128], ""dtype"": ""bf16"", ""role"": ""input""}]",{},roofline,80976cc4aef8c6113e512c92d4d4610285938981d0389a097579b73c8a313ef1,8319bca52654a0cf7e84f80de585aad5a672d77f0fa422b5a737ae402918b9b6,10
roofline,builtin:flash_attention,FlashAttention,,H200_Server/train,succeeded,,15.915145612648221,8657043456,"[{""name"": ""Q"", ""shape"": [2, 32, 512, 128], ""dtype"": ""bf16"", ""role"": ""input""}, {""name"": ""K"", ""shape"": [2, 32, 512, 128], ""dtype"": ""bf16"", ""role"": ""input""}, {""name"": ""V"", ""shape"": [2, 32, 512, 128], ""dtype"": ""bf16"", ""role"": ""input""}]",{},roofline,80976cc4aef8c6113e512c92d4d4610285938981d0389a097579b73c8a313ef1,d0d78a6c8c862c3fe34f52d83584f5834630e1bc72913b76f3b2705aa9700714,10
roofline,builtin:layernorm,LayerNorm,,H200_Server/train,succeeded,,4.998095238095238,29360128,"[{""name"": ""input"", ""shape"": [1024, 4096], ""dtype"": ""bf16"", ""role"": ""input""}, {""name"": ""weight"", ""shape"": [4096], ""dtype"": ""bf16"", ""role"": ""input""}]",{},roofline,80976cc4aef8c6113e512c92d4d4610285938981d0389a097579b73c8a313ef1,faa6471a747a8e5c5f84edf5f92034c1dae491d7284463a0f5355ff8df084a22,10
roofline,builtin:rms_norm,RMSNorm,,H200_Server/train,succeeded,,4.9956571428571435,25165824,"[{""name"": ""input"", ""shape"": [1024, 4096], ""dtype"": ""bf16"", ""role"": ""input""}, {""name"": ""weight"", ""shape"": [4096], ""dtype"": ""bf16"", ""role"": ""input""}]",{},roofline,80976cc4aef8c6113e512c92d4d4610285938981d0389a097579b73c8a313ef1,ee1f2f8f64bad71a09d796bb15c8749b7d55862d92ab093a09a9daad9c14e0be,10
roofline,builtin:swiglu,SwiGLU,,H200_Server/train,succeeded,,8271.097061253731,277081751552,"[{""name"": ""hidden"", ""shape"": [1024, 4096], ""dtype"": ""bf16"", ""role"": ""input""}, {""name"": ""gate_w"", ""shape"": [11008, 4096], ""dtype"": ""bf16"", ""role"": ""input""}, {""name"": ""up_w"", ""shape"": [11008, 4096], ""dtype"": ""bf16"", ""role"": ""input""}, {""name"": ""down_w"", ""shape"": [4096, 11008], ""dtype"": ""bf16"", ""role"": ""input""}]",{},roofline,80976cc4aef8c6113e512c92d4d4610285938981d0389a097579b73c8a313ef1,336d2ca7a6caccd14a25351d5df79677f1ecd6566292d2a676ca128769de5f69,10
roofline,builtin:embedding,Embedding,,H200_Server/train,succeeded,,7.491047619047619,0,"[{""name"": ""weight"", ""shape"": [32000, 4096], ""dtype"": ""bf16"", ""role"": ""input""}, {""name"": ""indices"", ""shape"": [2, 512], ""dtype"": ""int32"", ""role"": ""input""}]",{},roofline,80976cc4aef8c6113e512c92d4d4610285938981d0389a097579b73c8a313ef1,0a2436e59305db34be1c39b08596acbb1aae1916b3cfb5cc6ed813e6b148124e,10
roofline,builtin:silu,SiLU,,H200_Server/train,succeeded,,4.993219047619047,16777216,"[{""name"": ""input"", ""shape"": [1024, 4096], ""dtype"": ""bf16"", ""role"": ""input""}]",{},roofline,80976cc4aef8c6113e512c92d4d4610285938981d0389a097579b73c8a313ef1,998cccf124d897bcdfb752257e569417b3033977d4df195e007c1c43f390e943,10
roofline,builtin:gelu,GELU,,H200_Server/train,succeeded,,4.993219047619047,16777216,"[{""name"": ""input"", ""shape"": [1024, 4096], ""dtype"": ""bf16"", ""role"": ""input""}]",{},roofline,80976cc4aef8c6113e512c92d4d4610285938981d0389a097579b73c8a313ef1,237b357703404d3da97bc533b43573254dc1675686043dd2eaee77fd4a47dac3,10
roofline,builtin:softmax,Softmax,,H200_Server/train,succeeded,,263.1720156862745,1073741824,"[{""name"": ""input"", ""shape"": [32, 32, 512, 512], ""dtype"": ""bf16"", ""role"": ""input""}]",{},roofline,80976cc4aef8c6113e512c92d4d4610285938981d0389a097579b73c8a313ef1,3907244b46f0a922fbaa48e49025d133ae485d722b9a20dd8283135fa38e8d67,10
roofline,asset:68,AddRMSNormQuant,68,H200_Server/train,succeeded,,14.982095238095239,50331648,"[{""name"": ""x1"", ""role"": ""input"", ""shape"": [1, 2048, 4096], ""dtype"": ""fp16"", ""expression"": ""[B, S, hidden_size]""}, {""name"": ""x2"", ""role"": ""input"", ""shape"": [1, 2048, 4096], ""dtype"": ""fp16"", ""expression"": ""[B, S, hidden_size]""}]",{},roofline,80976cc4aef8c6113e512c92d4d4610285938981d0389a097579b73c8a313ef1,3e84c872352069fd582e00f426a06855356db9c829ea59e090b8f90971274a30,10
roofline,asset:10,AddRmsNorm,10,H200_Server/train,succeeded,,14.982095238095239,50331648,"[{""name"": ""x1"", ""role"": ""input"", ""shape"": [2048, 4096], ""dtype"": ""bf16"", ""expression"": ""[B * S, hidden_size]""}, {""name"": ""x2"", ""role"": ""input"", ""shape"": [2048, 4096], ""dtype"": ""bf16"", ""expression"": ""[B * S, hidden_size]""}, {""name"": ""gamma"", ""role"": ""parameter"", ""shape"": [4096], ""dtype"": ""bf16"", ""expression"": ""[hidden_size]""}]","{""B"": 1, ""S"": 2048}",roofline,80976cc4aef8c6113e512c92d4d4610285938981d0389a097579b73c8a313ef1,7570978cb97f66e836f1a580e7599b3cce1b62f9c59e16d41f7f2fce4a40ffdc,10
roofline,asset:11,AddRmsNormBias,11,H200_Server/train,succeeded,,19.980190476190476,41943040,"[{""name"": ""x1"", ""role"": ""input"", ""shape"": [2048, 4096], ""dtype"": ""bf16"", ""expression"": ""[B * S, hidden_size]""}, {""name"": ""x2"", ""role"": ""input"", ""shape"": [2048, 4096], ""dtype"": ""bf16"", ""expression"": ""[B * S, hidden_size]""}, {""name"": ""gamma"", ""role"": ""parameter"", ""shape"": [4096], ""dtype"": ""bf16"", ""expression"": ""[hidden_size]""}, {""name"": ""beta"", ""role"": ""parameter"", ""shape"": [4096], ""dtype"": ""bf16"", ""expression"": ""[hidden_size]""}]","{""B"": 1, ""S"": 2048}",roofline,80976cc4aef8c6113e512c92d4d4610285938981d0389a097579b73c8a313ef1,c630a2dde63784db1cfdcb79bf8e8ecef0adf6eb7c918c5308c941e0d749d9c7,10
roofline,asset:37,AllGather,37,H200_Server/train,unsupported,该资产不属于两种方法的单算子建模范围,,,"[{""name"": ""logits_shard"", ""role"": ""input"", ""shape"": [1, 2048, 128256], ""dtype"": ""fp16"", ""expression"": ""[B, S, vocab_size // lmhead_tp_size]""}]","{""lmhead_tp_size"": 1, ""vocab_size"": 128256}",,,756c75d73d65e8bce1c49bb79fb2f13c268ea6eed49918bb350e9b92034049e2,10
roofline,asset:38,AllReduce,38,H200_Server/train,unsupported,该资产不属于两种方法的单算子建模范围,,,"[{""name"": ""x"", ""role"": ""input"", ""shape"": [1, 2048, 4096], ""dtype"": ""fp16"", ""expression"": ""[B, S, hidden_size]""}]",{},,,21a651c3373caf8d975640214d7f8531cb87a896de30ac1a61eb7bed69320200,10
roofline,asset:12,Cast,12,H200_Server/train,succeeded,,14.979657142857144,8388608,"[{""name"": ""x"", ""role"": ""input"", ""shape"": [1, 2048, 4096], ""dtype"": ""bf16"", ""expression"": ""[B, S, hidden_size]""}]",{},roofline,80976cc4aef8c6113e512c92d4d4610285938981d0389a097579b73c8a313ef1,325e62df34e2945c41b3baa12f55bd2753213b5592037239c5eb4643bd8f1eb5,10
roofline,asset:13,CausalConv1d,13,H200_Server/train,succeeded,,233.78834236092268,8615100416,"[{""name"": ""x"", ""role"": ""input"", ""shape"": [1, 2048, 4096], ""dtype"": ""bf16"", ""expression"": ""[B, S, hidden_size]""}, {""name"": ""weight"", ""role"": ""input"", ""shape"": [512, 4096], ""dtype"": ""bf16"", ""expression"": ""[K, hidden_size]""}, {""name"": ""conv_states"", ""role"": ""input"", ""shape"": [1, 511, 4096], ""dtype"": ""bf16"", ""expression"": ""[num_cache_lines, state_len, hidden_size]""}]",{},roofline,80976cc4aef8c6113e512c92d4d4610285938981d0389a097579b73c8a313ef1,08d448b794cc50f37c300606f4684d487cca62ab7c6867b3b44ae6fffbf3f707,10
roofline,asset:1,ChunkGatedDeltaRule,1,H200_Server/train,succeeded,,15.761029876396124,2147500032,"[{""name"": ""query"", ""role"": ""input"", ""shape"": [2048, 4, 128], ""dtype"": ""bf16"", ""expression"": ""[B * S, num_key_heads, key_head_dim]""}, {""name"": ""key"", ""role"": ""input"", ""shape"": [2048, 4, 128], ""dtype"": ""bf16"", ""expression"": ""[B * S, num_key_heads, key_head_dim]""}, {""name"": ""value"", ""role"": ""input"", ""shape"": [2048, 8, 128], ""dtype"": ""bf16"", ""expression"": ""[B * S, num_value_heads, value_head_dim]""}, {""name"": ""beta"", ""role"": ""input"", ""shape"": [2048, 8], ""dtype"": ""bf16"", ""expression"": ""[B * S, num_value_heads]""}, {""name"": ""initial_state"", ""role"": ""input"", ""shape"": [1, 8, 128, 128], ""dtype"": ""bf16"", ""expression"": ""[B, num_value_heads, value_head_dim, key_head_dim]""}, {""name"": ""actual_seq_lengths"", ""role"": ""input"", ""shape"": [1], ""dtype"": ""int32"", ""expression"": ""[B]""}]","{""S"": 2048}",roofline,80976cc4aef8c6113e512c92d4d4610285938981d0389a097579b73c8a313ef1,a6bcdf14e834006b959474926791abc572c7700bfd72e3ba59f0d8cf9ebebab9,10
roofline,asset:49,ColumnParallelLinear,49,H200_Server/train,succeeded,,373.4754170434783,184683593728,"[{""name"": ""x"", ""role"": ""input"", ""shape"": [1, 2048, 4096], ""dtype"": ""fp16"", ""expression"": ""[B, S, hidden_size]""}, {""name"": ""weight_shard"", ""role"": ""parameter"", ""shape"": [11008, 4096], ""dtype"": ""fp16"", ""expression"": ""[intermediate_dim, hidden_size]""}]",{},roofline,80976cc4aef8c6113e512c92d4d4610285938981d0389a097579b73c8a313ef1,56ea49d8e95020c8b0601a7cc763366667a3e32730a15e6c76ee4fbfb7c500ed,10
roofline,asset:48,ColumnParallelLinearQuant,48,H200_Server/train,succeeded,,373.4754170434783,184683593728,"[{""name"": ""x"", ""role"": ""input"", ""shape"": [1, 2048, 4096], ""dtype"": ""fp16"", ""expression"": ""[B, S, hidden_size]""}, {""name"": ""weight_shard"", ""role"": ""parameter"", ""shape"": [11008, 4096], ""dtype"": ""fp16"", ""expression"": ""[intermediate_dim, hidden_size]""}]",{},roofline,80976cc4aef8c6113e512c92d4d4610285938981d0389a097579b73c8a313ef1,fcabe13e026deab36d06fe5838686daa32841b408ad515f5ea979650260e800a,10
roofline,asset:57,Compressor,57,H200_Server/train,succeeded,,1709.648391641791,68727865344,"[{""name"": ""kv"", ""role"": ""input"", ""shape"": [1, 2048, 4096], ""dtype"": ""fp16"", ""expression"": ""[B, S, hidden_size]""}, {""name"": ""wkv"", ""role"": ""parameter"", ""shape"": [128, 4096], ""dtype"": ""fp16"", ""expression"": ""[head_dim, hidden_size]""}, {""name"": ""wgate"", ""role"": ""parameter"", ""shape"": [128, 4096], ""dtype"": ""fp16"", ""expression"": ""[head_dim, hidden_size]""}, {""name"": ""ape"", ""role"": ""parameter"", ""shape"": [1, 128], ""dtype"": ""fp32"", ""expression"": ""[compress_ratio, head_dim]""}]",{},roofline,80976cc4aef8c6113e512c92d4d4610285938981d0389a097579b73c8a313ef1,328a98a7e21a948edc58cf2ba187e9927029289672969116d12d410e034c77e6,10
roofline,asset:14,Cumsum,14,H200_Server/train,succeeded,,0.13653749999999998,14336,"[{""name"": ""x"", ""role"": ""input"", ""shape"": [1, 2048, 8], ""dtype"": ""int64"", ""expression"": ""[B, S, top_k]""}, {""name"": ""axis"", ""role"": ""input"", ""shape"": [1], ""dtype"": ""int64"", ""expression"": ""[1]""}]","{""axis"": 2}",roofline,80976cc4aef8c6113e512c92d4d4610285938981d0389a097579b73c8a313ef1,1e6cb0d69843e1214a1c5e88b638c55f396838fd7c7fa9fe2e8c198d8cb8f3f5,10
roofline,asset:15,DynamicMxQuant,15,H200_Server/train,succeeded,,7.567847619047619,33554432,"[{""name"": ""x"", ""role"": ""input"", ""shape"": [2048, 4096], ""dtype"": ""bf16"", ""expression"": ""[B * S, hidden_size]""}]","{""B"": 1, ""S"": 2048}",roofline,80976cc4aef8c6113e512c92d4d4610285938981d0389a097579b73c8a313ef1,bd9252f6c481e776594abb0402d5d4993a83bcbace657cf77eb2ff181b17b4c9,10
roofline,asset:75,DynamicQuant,75,H200_Server/train,succeeded,,7.489828571428572,0,"[{""name"": ""x"", ""role"": ""input"", ""shape"": [1, 2048, 4096], ""dtype"": ""bf16"", ""expression"": ""[B, S, hidden_size]""}]",{},roofline,80976cc4aef8c6113e512c92d4d4610285938981d0389a097579b73c8a313ef1,fb175b8f65e065590c4a0e9976c4d5a66cf3bdb9501580bae10dc937b347678e,10
roofline,asset:16,DynamicQuantV2,16,H200_Server/train,succeeded,,7.494704761904762,25165824,"[{""name"": ""x"", ""role"": ""input"", ""shape"": [1, 2048, 4096], ""dtype"": ""bf16"", ""expression"": ""[B, S, hidden_size]""}]",{},roofline,80976cc4aef8c6113e512c92d4d4610285938981d0389a097579b73c8a313ef1,d55ef88f556b385d550f0bf74d5299ffde5ddf12aeb821dd9767bd9e3a4ba873,10
roofline,asset:45,END,45,H200_Server/train,unsupported,该资产不属于两种方法的单算子建模范围,,,"[{""name"": ""in"", ""role"": ""input"", ""shape"": [1, 2048, 128256], ""dtype"": ""fp16"", ""expression"": ""[B, S, vocab_size]""}]",{},,,86736ea387ea42e00d23d36d8780867620dda23cdbfa92f8c4ca3a638546198a,10
roofline,asset:41,Embedding,41,H200_Server/train,succeeded,,14.984533333333333,0,"[{""name"": ""x"", ""role"": ""input"", ""shape"": [1, 2048], ""dtype"": ""int64"", ""expression"": ""[B, S]""}, {""name"": ""indices"", ""role"": ""input"", ""shape"": [1, 2048], ""dtype"": ""int64"", ""expression"": ""[B, S]""}]","{""hidden_size"": 4096}",roofline,80976cc4aef8c6113e512c92d4d4610285938981d0389a097579b73c8a313ef1,e54d2c9e44979c5ed53c89abfb9836f54a605dcbe6e7f844c5f83a6ba7c67605,10
roofline,asset:42,EngramGate,42,H200_Server/train,succeeded,,1046.6680396703803,515765239808,"[{""name"": ""l1_lookup_reduced"", ""role"": ""input"", ""shape"": [1, 2048, 24, 256], ""dtype"": ""bf16"", ""expression"": ""[B, S, (engram_max_ngram_size - 1) * engram_n_heads, engram_head_dim]""}, {""name"": ""l0_ffn_state"", ""role"": ""input"", ""shape"": [1, 2048, 4, 4096], ""dtype"": ""bf16"", ""expression"": ""[B, S, hc_mult, hidden_size]""}, {""name"": ""wkv"", ""role"": ""parameter"", ""shape"": [20480, 6144], ""dtype"": ""fp8"", ""expression"": ""[(hc_mult + 1) * hidden_size, (engram_max_ngram_size - 1) * engram_n_heads * engram_head_dim]""}, {""name"": ""q_weight"", ""role"": ""parameter"", ""shape"": [4, 4096], ""dtype"": ""bf16"", ""expression"": ""[hc_mult, hidden_size]""}, {""name"": ""k_weight"", ""role"": ""parameter"", ""shape"": [4, 4096], ""dtype"": ""bf16"", ""expression"": ""[hc_mult, hidden_size]""}]","{""engram_max_ngram_size"": 4, ""engram_n_heads"": 8}",roofline,80976cc4aef8c6113e512c92d4d4610285938981d0389a097579b73c8a313ef1,eb9cf171071bc69ab31fd95c1f3e4df26f3eccb76f962c7fe874169fe9badec9,10
roofline,asset:43,EngramLookup,43,H200_Server/train,succeeded,,7.816533333333334,0,"[{""name"": ""token_ids"", ""role"": ""input"", ""shape"": [1, 2048], ""dtype"": ""int64"", ""expression"": ""[B, S]""}, {""name"": ""weight"", ""role"": ""parameter"", ""shape"": [4096, 256], ""dtype"": ""fp8"", ""expression"": ""[engram_num_embeddings[0] + 0, engram_head_dim]""}, {""name"": ""scale"", ""role"": ""parameter"", ""shape"": [4096, 8], ""dtype"": ""int8"", ""expression"": ""[engram_num_embeddings[0] + 0, engram_head_dim // 32]""}]","{""engram_max_ngram_size"": 4, ""engram_n_heads"": 8, ""engram_num_embeddings"": [4096, 4096]}",roofline,80976cc4aef8c6113e512c92d4d4610285938981d0389a097579b73c8a313ef1,0966ebeb5456b96be9001362ff10207c92c11205beda6b1c52b9c061d7e1b14d,10
roofline,asset:44,EngramPrefetch,44,H200_Server/train,unsupported,通信算子需要通信拓扑与通信成本模型，不属于本入口的 Roofline/TileSim 计算范围,,,"[{""name"": ""token_ids"", ""role"": ""input"", ""shape"": [1, 2048], ""dtype"": ""int64"", ""expression"": ""[B, S]""}]",{},,,ca88ab2595c4017ec55025240556e59326293cc9160b4fc5d63a2f2ae70138e7,10
roofline,asset:2,FlashAttentionScore,2,H200_Server/train,succeeded,,159.44841117478333,86301999104,"[{""name"": ""query"", ""role"": ""input"", ""shape"": [1, 32, 2048, 192], ""dtype"": ""bf16"", ""expression"": ""[B, num_attention_heads // tp_size, S, qk_head_dim]""}, {""name"": ""key"", ""role"": ""input"", ""shape"": [1, 32, 2048, 192], ""dtype"": ""bf16"", ""expression"": ""[B, num_attention_heads // tp_size, seq_len, qk_head_dim]""}, {""name"": ""value"", ""role"": ""input"", ""shape"": [1, 32, 2048, 128], ""dtype"": ""bf16"", ""expression"": ""[B, num_attention_heads // tp_size, seq_len, qk_nope_head_dim]""}]","{""num_attention_heads"": 32, ""tp_size"": 1}",roofline,80976cc4aef8c6113e512c92d4d4610285938981d0389a097579b73c8a313ef1,68f9c923dbb23002a43088380d0e7dba1c5085558ae0009da4b71592ffcd31d3,10
roofline,asset:17,FusedGdnGating,17,H200_Server/train,succeeded,,0.08535000000000001,147456,"[{""name"": ""a_log"", ""role"": ""input"", ""shape"": [8], ""dtype"": ""bf16"", ""expression"": ""[num_heads]""}, {""name"": ""a"", ""role"": ""input"", ""shape"": [2048, 8], ""dtype"": ""bf16"", ""expression"": ""[B * S, num_heads]""}, {""name"": ""b"", ""role"": ""input"", ""shape"": [2048, 8], ""dtype"": ""bf16"", ""expression"": ""[B * S, num_heads]""}, {""name"": ""dt_bias"", ""role"": ""input"", ""shape"": [8], ""dtype"": ""bf16"", ""expression"": ""[num_heads]""}]","{""B"": 1, ""S"": 2048}",roofline,80976cc4aef8c6113e512c92d4d4610285938981d0389a097579b73c8a313ef1,4a0fcc9d9b7e49116390e0f26ffd982c6db4cff557a6d762620583e0f8337d79,10
roofline,asset:3,FusedInferAttentionScore,3,H200_Server/train,succeeded,,209.53707991102124,103616086016,"[{""name"": ""query"", ""role"": ""input"", ""shape"": [1, 32, 2048, 192], ""dtype"": ""bf16"", ""expression"": ""[B, num_attention_heads // tp_size, S, qk_head_dim]""}, {""name"": ""key"", ""role"": ""input"", ""shape"": [1, 8, 2048, 192], ""dtype"": ""bf16"", ""expression"": ""[B, num_key_value_heads // tp_size, kv_len, qk_head_dim]""}, {""name"": ""value"", ""role"": ""input"", ""shape"": [1, 8, 2048, 128], ""dtype"": ""bf16"", ""expression"": ""[B, num_key_value_heads // tp_size, kv_len, qk_nope_head_dim]""}, {""name"": ""pse_shift"", ""role"": ""input"", ""shape"": [1, 32, 2048, 2048], ""dtype"": ""bf16"", ""expression"": ""[B, num_attention_heads // tp_size, S, kv_len]""}, {""name"": ""atten_mask"", ""role"": ""input"", ""shape"": [2048, 2048], ""dtype"": ""bool"", ""expression"": ""[2048, 2048]""}, {""name"": ""actual_seq_lengths"", ""role"": ""input"", ""shape"": [1], ""dtype"": ""int64"", ""expression"": ""[B]""}, {""name"": ""actual_seq_lengths_kv"", ""role"": ""input"", ""shape"": [1], ""dtype"": ""int64"", ""expression"": ""[B]""}, {""name"": ""dequant_scale1"", ""role"": ""input"", ""shape"": [1, 32, 2048, 1], ""dtype"": ""fp32"", ""expression"": ""[B, num_attention_heads // tp_size, S, 1]""}, {""name"": ""quant_scale1"", ""role"": ""input"", ""shape"": [1, 32, 2048, 1], ""dtype"": ""fp32"", ""expression"": ""[B, num_attention_heads // tp_size, S, 1]""}, {""name"": ""dequant_scale2"", ""role"": ""input"", ""shape"": [1, 32, 2048, 1], ""dtype"": ""fp32"", ""expression"": ""[B, num_attention_heads // tp_size, S, 1]""}, {""name"": ""quant_scale2"", ""role"": ""input"", ""shape"": [1, 32, 2048, 1], ""dtype"": ""fp32"", ""expression"": ""[B, num_attention_heads // tp_size, S, 1]""}, {""name"": ""quant_offset2"", ""role"": ""input"", ""shape"": [1, 32, 2048, 1], ""dtype"": ""fp32"", ""expression"": ""[B, num_attention_heads // tp_size, S, 1]""}, {""name"": ""antiquant_scale"", ""role"": ""input"", ""shape"": [1, 8, 2048, 1], ""dtype"": ""bf16"", ""expression"": ""[B, num_key_value_heads // tp_size, kv_len, 1]""}, {""name"": ""antiquant_offset"", ""role"": ""input"", ""shape"": [1, 8, 2048, 1], ""dtype"": ""bf16"", ""expression"": ""[B, num_key_value_heads // tp_size, kv_len, 1]""}, {""name"": ""block_table"", ""role"": ""input"", ""shape"": [1, 8], ""dtype"": ""int32"", ""expression"": ""[B, max_num_blocks]""}, {""name"": ""query_padding_size"", ""role"": ""input"", ""shape"": [1], ""dtype"": ""int64"", ""expression"": ""[B]""}, {""name"": ""kv_padding_size"", ""role"": ""input"", ""shape"": [1], ""dtype"": ""int64"", ""expression"": ""[B]""}, {""name"": ""key_antiquant_scale"", ""role"": ""input"", ""shape"": [1, 8, 2048, 1], ""dtype"": ""bf16"", ""expression"": ""[B, num_key_value_heads // tp_size, kv_len, 1]""}, {""name"": ""key_antiquant_offset"", ""role"": ""input"", ""shape"": [1, 8, 2048, 1], ""dtype"": ""bf16"", ""expression"": ""[B, num_key_value_heads // tp_size, kv_len, 1]""}, {""name"": ""value_antiquant_scale"", ""role"": ""input"", ""shape"": [1, 8, 2048, 1], ""dtype"": ""bf16"", ""expression"": ""[B, num_key_value_heads // tp_size, kv_len, 1]""}, {""name"": ""value_antiquant_offset"", ""role"": ""input"", ""shape"": [1, 8, 2048, 1], ""dtype"": ""bf16"", ""expression"": ""[B, num_key_value_heads // tp_size, kv_len, 1]""}, {""name"": ""key_shared_prefix"", ""role"": ""input"", ""shape"": [1, 8, 2048, 192], ""dtype"": ""bf16"", ""expression"": ""[B, num_key_value_heads // tp_size, kv_len, qk_head_dim]""}, {""name"": ""value_shared_prefix"", ""role"": ""input"", ""shape"": [1, 8, 2048, 128], ""dtype"": ""bf16"", ""expression"": ""[B, num_key_value_heads // tp_size, kv_len, qk_nope_head_dim]""}, {""name"": ""actual_shared_prefix_len"", ""role"": ""input"", ""shape"": [1], ""dtype"": ""int64"", ""expression"": ""[B]""}, {""name"": ""query_rope"", ""role"": ""input"", ""shape"": [1, 32, 2048, 64], ""dtype"": ""bf16"", ""expression"": ""[B, num_attention_heads // tp_size, S, qk_rope_head_dim]""}, {""name"": ""key_rope"", ""role"": ""input"", ""shape"": [1, 8, 2048, 64], ""dtype"": ""bf16"", ""expression"": ""[B, num_key_value_heads // tp_size, kv_len, qk_rope_head_dim]""}, {""name"": ""key_rope_antiquant_scale"", ""role"": ""input"", ""shape"": [1, 8, 2048, 1], ""dtype"": ""bf16"", ""expression"": ""[B, num_key_value_heads // tp_size, kv_len, 1]""}, {""name"": ""dequant_scale_query"", ""role"": ""input"", ""shape"": [1, 32, 2048, 1], ""dtype"": ""fp32"", ""expression"": ""[B, num_attention_heads // tp_size, S, 1]""}, {""name"": ""learnable_sink"", ""role"": ""input"", ""shape"": [32], ""dtype"": ""bf16"", ""expression"": ""[num_attention_heads // tp_size]""}, {""name"": ""q_start_idx"", ""role"": ""input"", ""shape"": [1], ""dtype"": ""int64"", ""expression"": ""[1]""}, {""name"": ""kv_start_idx"", ""role"": ""input"", ""shape"": [1], ""dtype"": ""int64"", ""expression"": ""[1]""}]","{""num_attention_heads"": 32, ""num_key_value_heads"": 8, ""tp_size"": 1}",roofline,80976cc4aef8c6113e512c92d4d4610285938981d0389a097579b73c8a313ef1,01772cfa665b7d9d8ca50972858083d2ea90204608a58fb75bf741b43d5398c5,10
roofline,asset:47,GatedResidual,47,H200_Server/train,succeeded,,78.58634791808399,43522744320,"[{""name"": ""hyper_state"", ""role"": ""input"", ""shape"": [1, 2048, 16384], ""dtype"": ""bf16"", ""expression"": ""[B, S, hc_count * hidden_size]""}, {""name"": ""block_output"", ""role"": ""input"", ""shape"": [1, 2048, 4096], ""dtype"": ""bf16"", ""expression"": ""[B, S, hidden_size]""}, {""name"": ""norm_scale"", ""role"": ""parameter"", ""shape"": [16384], ""dtype"": ""bf16"", ""expression"": ""[hc_count * hidden_size]""}, {""name"": ""down_inject_weight"", ""role"": ""parameter"", ""shape"": [324, 16384], ""dtype"": ""bf16"", ""expression"": ""[hc_lowrank + hc_count, hc_count * hidden_size]""}, {""name"": ""up_weight"", ""role"": ""parameter"", ""shape"": [16384, 320], ""dtype"": ""bf16"", ""expression"": ""[hc_count * hidden_size, hc_lowrank]""}]","{""hc_count"": 4}",roofline,80976cc4aef8c6113e512c92d4d4610285938981d0389a097579b73c8a313ef1,6305843167d6285dd55ccdaff09477d633ed1a703734f56e17bb4b2fa85c14c0,10
roofline,asset:18,GatherV2,18,H200_Server/train,succeeded,,261.6340098039216,0,"[{""name"": ""x"", ""role"": ""input"", ""shape"": [128256, 4096], ""dtype"": ""bf16"", ""expression"": ""[vocab_size, hidden_size]""}, {""name"": ""indices"", ""role"": ""input"", ""shape"": [1, 2048], ""dtype"": ""int64"", ""expression"": ""[B, S]""}, {""name"": ""axis"", ""role"": ""input"", ""shape"": [1], ""dtype"": ""int64"", ""expression"": ""[1]""}]","{""axis"": 0}",roofline,80976cc4aef8c6113e512c92d4d4610285938981d0389a097579b73c8a313ef1,8f3422c76f0291e5dc0ba381bab9a490659a8248303cd43e3ff508877d9376f2,10
roofline,asset:19,GemmaRmsNorm,19,H200_Server/train,succeeded,,9.988876190476189,58720256,"[{""name"": ""x"", ""role"": ""input"", ""shape"": [2048, 4096], ""dtype"": ""bf16"", ""expression"": ""[B * S, hidden_size]""}, {""name"": ""gamma"", ""role"": ""parameter"", ""shape"": [4096], ""dtype"": ""bf16"", ""expression"": ""[hidden_size]""}]","{""B"": 1, ""S"": 2048}",roofline,80976cc4aef8c6113e512c92d4d4610285938981d0389a097579b73c8a313ef1,10ab39e89d0f7792f9b07718a57aea7abc118e65cac01e99c83c4379d4a60e9f,10
roofline,asset:50,GroupMatMul,50,H200_Server/train,succeeded,,115.80633086619481,68719476736,"[{""name"": ""x"", ""role"": ""input"", ""shape"": [1, 2048, 4096], ""dtype"": ""fp16"", ""expression"": ""[B, S, hidden_size]""}, {""name"": ""weight"", ""role"": ""parameter"", ""shape"": [1, 2816, 4096], ""dtype"": ""fp16"", ""expression"": ""[expert_groups, 2 * moe_intermediate_size, hidden_size]""}]","{""moe_intermediate_size"": 1408}",roofline,80976cc4aef8c6113e512c92d4d4610285938981d0389a097579b73c8a313ef1,dab2c76487ba1a19b758869a898957a93624da941ac715dcfafad3dce237234f,10
roofline,asset:29,GroupedMatmul,29,H200_Server/train,succeeded,,39.808426235254466,23622320128,"[{""name"": ""x"", ""role"": ""input"", ""shape"": [2048, 4096], ""dtype"": ""bf16"", ""expression"": ""[B * S, hidden_size]""}, {""name"": ""weight"", ""role"": ""input"", ""shape"": [1, 4096, 1408], ""dtype"": ""bf16"", ""expression"": ""[expert_groups, hidden_size, moe_intermediate_size]""}, {""name"": ""bias"", ""role"": ""input"", ""shape"": [1, 1408], ""dtype"": ""bf16"", ""expression"": ""[expert_groups, moe_intermediate_size]""}, {""name"": ""scale"", ""role"": ""input"", ""shape"": [1], ""dtype"": ""uint64"", ""expression"": ""[expert_groups]""}, {""name"": ""offset"", ""role"": ""input"", ""shape"": [1], ""dtype"": ""fp32"", ""expression"": ""[expert_groups]""}, {""name"": ""antiquant_scale"", ""role"": ""input"", ""shape"": [1, 1408], ""dtype"": ""fp16"", ""expression"": ""[expert_groups, moe_intermediate_size]""}, {""name"": ""antiquant_offset"", ""role"": ""input"", ""shape"": [1, 1408], ""dtype"": ""fp16"", ""expression"": ""[expert_groups, moe_intermediate_size]""}, {""name"": ""group_list"", ""role"": ""input"", ""shape"": [1], ""dtype"": ""int64"", ""expression"": ""[expert_groups]""}, {""name"": ""per_token_scale"", ""role"": ""input"", ""shape"": [2048], ""dtype"": ""fp32"", ""expression"": ""[B * S]""}]","{""B"": 1, ""S"": 2048}",roofline,80976cc4aef8c6113e512c92d4d4610285938981d0389a097579b73c8a313ef1,3ad65bb6688061852f62db3ccf01ae1f5ce47cb5de3168c8404dff70d59e9acc,10
roofline,asset:30,GroupedMatmulSwigluQuantV2,30,H200_Server/train,succeeded,,40.218696481815286,47264825344,"[{""name"": ""x"", ""role"": ""input"", ""shape"": [2048, 4096], ""dtype"": ""fp8"", ""expression"": ""[B * S, hidden_size]""}, {""name"": ""x_scale"", ""role"": ""input"", ""shape"": [2048, 64, 2], ""dtype"": ""fp32"", ""expression"": ""[B * S, (hidden_size + 63) // 64, 2]""}, {""name"": ""group_list"", ""role"": ""input"", ""shape"": [1], ""dtype"": ""int64"", ""expression"": ""[expert_groups]""}, {""name"": ""weight"", ""role"": ""parameter"", ""shape"": [1, 2816, 4096], ""dtype"": ""fp8"", ""expression"": ""[expert_groups, 2 * moe_intermediate_size, hidden_size]""}, {""name"": ""weight_scale"", ""role"": ""parameter"", ""shape"": [1, 2816, 64, 2], ""dtype"": ""fp32"", ""expression"": ""[expert_groups, 2 * moe_intermediate_size, (hidden_size + 63) // 64, 2]""}, {""name"": ""weight_assist_matrix"", ""role"": ""parameter"", ""shape"": [1, 2816], ""dtype"": ""fp32"", ""expression"": ""[expert_groups, 2 * moe_intermediate_size]""}]","{""B"": 1, ""S"": 2048, ""moe_intermediate_size"": 1408}",roofline,80976cc4aef8c6113e512c92d4d4610285938981d0389a097579b73c8a313ef1,619f55a0b193df55772f6e566d03d4ddde19d25d92020ae405ef5530dffff8a8,10
roofline,asset:58,IndexCompressorEpilog,58,H200_Server/train,succeeded,,0.4096,262144,"[{""name"": ""compressed_idx"", ""role"": ""input"", ""shape"": [1, 2048, 128], ""dtype"": ""fp16"", ""expression"": ""[B, S // compress_ratio, index_head_dim]""}]","{""S"": 2048, ""compress_ratio"": 1}",roofline,80976cc4aef8c6113e512c92d4d4610285938981d0389a097579b73c8a313ef1,eb2791003a25091adbb133f68d014ead8726562e818bcc499882b103d7fc598d,10
roofline,asset:59,IndexPrologV4,59,H200_Server/train,succeeded,,9.791390476190477,0,"[{""name"": ""x"", ""role"": ""input"", ""shape"": [1, 2048, 4096], ""dtype"": ""fp16"", ""expression"": ""[B, S, hidden_size]""}, {""name"": ""qr"", ""role"": ""input"", ""shape"": [1, 2048, 1536], ""dtype"": ""fp8"", ""expression"": ""[B, S, q_lora_rank]""}, {""name"": ""weight_proj"", ""role"": ""parameter"", ""shape"": [32, 4096], ""dtype"": ""bf16"", ""expression"": ""[index_n_heads, hidden_size]""}, {""name"": ""q_b"", ""role"": ""parameter"", ""shape"": [4096, 1536], ""dtype"": ""fp8"", ""expression"": ""[index_n_heads * index_head_dim, q_lora_rank]""}]","{""index_head_dim"": 128}",roofline,80976cc4aef8c6113e512c92d4d4610285938981d0389a097579b73c8a313ef1,ca9f62527a2669f8a6c9f8d7f863bf5ac9aa245ae6fc7a6a0814e7c15df47095,10
roofline,asset:60,KVCompressorEpilog,60,H200_Server/train,succeeded,,0.31207619047619045,262144,"[{""name"": ""kv"", ""role"": ""input"", ""shape"": [1, 2048, 128], ""dtype"": ""fp16"", ""expression"": ""[B, S // compress_ratio, head_dim]""}]","{""S"": 2048, ""compress_ratio"": 1}",roofline,80976cc4aef8c6113e512c92d4d4610285938981d0389a097579b73c8a313ef1,82e7794d51f45e992a02e00cd612b8a1933239d0b17715d40ea6fe58f214b03f,10
roofline,asset:4,KvQuantSparseFlashAttention,4,H200_Server/train,succeeded,,174.84013569215068,77980499968,"[{""name"": ""query"", ""role"": ""input"", ""shape"": [1, 2048, 32, 576], ""dtype"": ""bf16"", ""expression"": ""[B, S, num_attention_heads // tp_size, kv_lora_rank + qk_rope_head_dim]""}, {""name"": ""key"", ""role"": ""input"", ""shape"": [1, 2048, 1, 576], ""dtype"": ""fp8"", ""expression"": ""[B, seq_len, 1, kv_lora_rank + qk_rope_head_dim]""}, {""name"": ""value"", ""role"": ""input"", ""shape"": [1, 2048, 1, 512], ""dtype"": ""fp8"", ""expression"": ""[B, seq_len, 1, kv_lora_rank]""}, {""name"": ""sparse_indices"", ""role"": ""input"", ""shape"": [1, 2048, 512], ""dtype"": ""int32"", ""expression"": ""[B, S, index_topk]""}]","{""num_attention_heads"": 32, ""qk_rope_head_dim"": 64, ""tp_size"": 1}",roofline,80976cc4aef8c6113e512c92d4d4610285938981d0389a097579b73c8a313ef1,291ac3ede9665265b60a876d24be0a1f95e2ea0610f0d18f54d8626a4d0faaf4,10
roofline,asset:20,LayerNormV4,20,H200_Server/train,succeeded,,0.6290309523809524,1835008,"[{""name"": ""x"", ""role"": ""input"", ""shape"": [1, 2048, 128], ""dtype"": ""fp32"", ""expression"": ""[B, S, index_head_dim]""}, {""name"": ""normalized_shape"", ""role"": ""input"", ""shape"": [1], ""dtype"": ""int64"", ""expression"": ""[1]""}]",{},roofline,80976cc4aef8c6113e512c92d4d4610285938981d0389a097579b73c8a313ef1,a624230738b445ff49ef8be84428f0fc0ab6e4bf5e0a758c7520f81b00bca7d4,10
roofline,asset:63,LightningIndexer,63,H200_Server/train,succeeded,,12.60007619047619,0,"[{""name"": ""query"", ""role"": ""input"", ""shape"": [1, 2048, 32, 128], ""dtype"": ""fp8"", ""expression"": ""[B, S, index_n_heads, index_head_dim]""}, {""name"": ""key"", ""role"": ""input"", ""shape"": [1, 2048, 128], ""dtype"": ""fp8"", ""expression"": ""[B, seq_len // compress_ratio, index_head_dim]""}, {""name"": ""weights"", ""role"": ""input"", ""shape"": [1, 2048, 32], ""dtype"": ""bf16"", ""expression"": ""[B, S, index_n_heads]""}]","{""compress_ratio"": 1, ""seq_len"": 2048}",roofline,80976cc4aef8c6113e512c92d4d4610285938981d0389a097579b73c8a313ef1,38092084a0ce74fe65b71fe960641f22593b733b1deb0eeb031c949d1d136df0,10
roofline,asset:51,Linear,51,H200_Server/train,succeeded,,115.80633086619481,68719476736,"[{""name"": ""x"", ""role"": ""input"", ""shape"": [1, 2048, 4096], ""dtype"": ""bf16"", ""expression"": ""[B, S, hidden_size]""}, {""name"": ""weight"", ""role"": ""parameter"", ""shape"": [4096, 4096], ""dtype"": ""bf16"", ""expression"": ""[hidden_size, hidden_size]""}]",{},roofline,80976cc4aef8c6113e512c92d4d4610285938981d0389a097579b73c8a313ef1,b2a8585de56036d9f3b33e3449ec4cdbada7467c51e8b4ce6e20a53823ad30e2,10
roofline,asset:54,MHCHead,54,H200_Server/train,succeeded,,32.93665882352941,536870912,"[{""name"": ""x"", ""role"": ""input"", ""shape"": [1, 2048, 4, 4096], ""dtype"": ""bf16"", ""expression"": ""[B, S, hc_mult, hidden_size]""}, {""name"": ""hc_head_fn"", ""role"": ""parameter"", ""shape"": [4, 16384], ""dtype"": ""fp32"", ""expression"": ""[hc_mult, hc_mult * hidden_size]""}]",{},roofline,80976cc4aef8c6113e512c92d4d4610285938981d0389a097579b73c8a313ef1,3e3c38180f761babeaf26a1affecadcf9d32c10d996c8b7b815d903949b31636,10
roofline,asset:55,MHCPost,55,H200_Server/train,succeeded,,1709.648391641791,68727865344,"[{""name"": ""x"", ""role"": ""input"", ""shape"": [1, 2048, 4096], ""dtype"": ""bf16"", ""expression"": ""[B, S, hidden_size]""}, {""name"": ""residual"", ""role"": ""input"", ""shape"": [1, 2048, 4, 4096], ""dtype"": ""bf16"", ""expression"": ""[B, S, hc_mult, hidden_size]""}, {""name"": ""post"", ""role"": ""input"", ""shape"": [1, 2048, 4], ""dtype"": ""fp32"", ""expression"": ""[B, S, hc_mult]""}, {""name"": ""comb"", ""role"": ""input"", ""shape"": [1, 2048, 4, 4], ""dtype"": ""fp32"", ""expression"": ""[B, S, hc_mult, hc_mult]""}]",{},roofline,80976cc4aef8c6113e512c92d4d4610285938981d0389a097579b73c8a313ef1,8321c47cd3099b1858855e0d730274e656ac9322cd229d7b0daaa3f7520b00aa,10
roofline,asset:56,MHCPre,56,H200_Server/train,succeeded,,32821.2426201791,1099511627776,"[{""name"": ""x"", ""role"": ""input"", ""shape"": [1, 2048, 4, 4096], ""dtype"": ""bf16"", ""expression"": ""[B, S, hc_mult, hidden_size]""}, {""name"": ""hc_fn"", ""role"": ""parameter"", ""shape"": [24, 16384], ""dtype"": ""fp32"", ""expression"": ""[(2+hc_mult)*hc_mult, hc_mult * hidden_size]""}]",{},roofline,80976cc4aef8c6113e512c92d4d4610285938981d0389a097579b73c8a313ef1,21af6dbe5adcee8e3e191b4d6d2902f93a54d830c1612d40c8a5057c835e1700,10
roofline,asset:61,MLAEpilogV4,61,H200_Server/train,succeeded,,1709.648391641791,68727865344,"[{""name"": ""attn_out"", ""role"": ""input"", ""shape"": [1, 2048, 1, 4096], ""dtype"": ""fp16"", ""expression"": ""[B, S, o_groups, num_attention_heads * head_dim // o_groups]""}, {""name"": ""wo_a"", ""role"": ""parameter"", ""shape"": [1536, 4096], ""dtype"": ""fp16"", ""expression"": ""[o_groups * o_lora_rank // o_tp_size, num_attention_heads * head_dim // o_groups]""}, {""name"": ""wo_b"", ""role"": ""parameter"", ""shape"": [4096, 1536], ""dtype"": ""fp8"", ""expression"": ""[hidden_size, o_groups * o_lora_rank // o_tp_size]""}]","{""head_dim"": 128, ""num_attention_heads"": 32, ""o_lora_rank"": 1536, ""o_tp_size"": 1}",roofline,80976cc4aef8c6113e512c92d4d4610285938981d0389a097579b73c8a313ef1,716a6f82988538edf3483487e5f8bef278aeb3aa9a33ca033dd9322935cc0dda,10
roofline,asset:62,MLAPrologV4,62,H200_Server/train,succeeded,,15.915885714285714,0,"[{""name"": ""x"", ""role"": ""input"", ""shape"": [1, 2048, 4096], ""dtype"": ""fp16"", ""expression"": ""[B, S, hidden_size]""}, {""name"": ""wq_a"", ""role"": ""parameter"", ""shape"": [1536, 4096], ""dtype"": ""fp16"", ""expression"": ""[q_lora_rank, hidden_size]""}, {""name"": ""wq_b"", ""role"": ""parameter"", ""shape"": [4096, 1536], ""dtype"": ""int8"", ""expression"": ""[num_attention_heads // tp_size * head_dim, q_lora_rank]""}, {""name"": ""wkv"", ""role"": ""parameter"", ""shape"": [128, 4096], ""dtype"": ""fp16"", ""expression"": ""[head_dim, hidden_size]""}]","{""num_attention_heads"": 32, ""tp_size"": 1}",roofline,80976cc4aef8c6113e512c92d4d4610285938981d0389a097579b73c8a313ef1,338cf7592ca89381e95b0931b07a93436e9abc0709765d736bef6b5773c0513d,10
roofline,asset:52,MatMul,52,H200_Server/train,succeeded,,115.80633086619481,68719476736,"[{""name"": ""x"", ""role"": ""input"", ""shape"": [1, 2048, 4096], ""dtype"": ""bf16"", ""expression"": ""[B, S, hidden_size]""}, {""name"": ""weight"", ""role"": ""parameter"", ""shape"": [11008, 4096], ""dtype"": ""bf16"", ""expression"": ""[intermediate_size, hidden_size]""}]",{},roofline,80976cc4aef8c6113e512c92d4d4610285938981d0389a097579b73c8a313ef1,ec1df0d3e51119ea7b489427cf39d102c8e5be2b72d0f7fc8944630ee78d4c25,10
roofline,asset:7,MatMulV3,7,H200_Server/train,succeeded,,373.4754170434783,184683593728,"[{""name"": ""x1"", ""role"": ""input"", ""shape"": [2048, 4096], ""dtype"": ""bf16"", ""expression"": ""[B * S, hidden_size]""}, {""name"": ""x2"", ""role"": ""parameter"", ""shape"": [11008, 4096], ""dtype"": ""bf16"", ""expression"": ""[intermediate_size, hidden_size]""}]","{""B"": 1, ""S"": 2048}",roofline,80976cc4aef8c6113e512c92d4d4610285938981d0389a097579b73c8a313ef1,3950c99fca9d71c29179f0a371e91e98afc05c3c1e7361bb28e97e5c9d6d920c,10
roofline,asset:31,MlaPrologV3,31,H200_Server/train,succeeded,,324.0351405350437,160029474816,"[{""name"": ""token_x"", ""role"": ""input"", ""shape"": [1, 2048, 4096], ""dtype"": ""bf16"", ""expression"": ""[B, S, hidden_size]""}, {""name"": ""weight_dq"", ""role"": ""input"", ""shape"": [4096, 1536], ""dtype"": ""bf16"", ""expression"": ""[hidden_size, q_lora_rank]""}, {""name"": ""weight_uq_qr"", ""role"": ""input"", ""shape"": [1536, 18432], ""dtype"": ""bf16"", ""expression"": ""[q_lora_rank, num_attention_heads // tp_size * (kv_lora_rank + qk_rope_head_dim)]""}, {""name"": ""weight_uk"", ""role"": ""input"", ""shape"": [32, 128, 512], ""dtype"": ""bf16"", ""expression"": ""[num_attention_heads // tp_size, qk_nope_head_dim, kv_lora_rank]""}, {""name"": ""weight_dkv_kr"", ""role"": ""input"", ""shape"": [4096, 576], ""dtype"": ""bf16"", ""expression"": ""[hidden_size, kv_lora_rank + qk_rope_head_dim]""}, {""name"": ""rmsnorm_gamma_cq"", ""role"": ""input"", ""shape"": [1536], ""dtype"": ""bf16"", ""expression"": ""[q_lora_rank]""}, {""name"": ""rmsnorm_gamma_ckv"", ""role"": ""input"", ""shape"": [512], ""dtype"": ""bf16"", ""expression"": ""[kv_lora_rank]""}, {""name"": ""rope_sin"", ""role"": ""input"", ""shape"": [1, 2048, 64], ""dtype"": ""bf16"", ""expression"": ""[B, S, qk_rope_head_dim]""}, {""name"": ""rope_cos"", ""role"": ""input"", ""shape"": [1, 2048, 64], ""dtype"": ""bf16"", ""expression"": ""[B, S, qk_rope_head_dim]""}, {""name"": ""kv_cache"", ""role"": ""input"", ""shape"": [1, 1, 2048, 512], ""dtype"": ""bf16"", ""expression"": ""[B, 1, seq_len, kv_lora_rank]""}, {""name"": ""kr_cache"", ""role"": ""input"", ""shape"": [1, 1, 2048, 64], ""dtype"": ""bf16"", ""expression"": ""[B, 1, seq_len, qk_rope_head_dim]""}]","{""num_attention_heads"": 32, ""tp_size"": 1}",roofline,80976cc4aef8c6113e512c92d4d4610285938981d0389a097579b73c8a313ef1,8503ac926c7efa8ccb28350d52f73ead7cb5340ff2cea95b2cf95b520ed3269d,10
roofline,asset:39,MoECombine,39,H200_Server/train,succeeded,,37.02462745098039,0,"[{""name"": ""expert_out"", ""role"": ""input"", ""shape"": [8, 1, 2048, 4096], ""dtype"": ""bf16"", ""expression"": ""[top_k, B, S, hidden_size]""}, {""name"": ""expert_ids"", ""role"": ""input"", ""shape"": [1, 2048, 8], ""dtype"": ""int32"", ""expression"": ""[B, S, top_k]""}]",{},roofline,80976cc4aef8c6113e512c92d4d4610285938981d0389a097579b73c8a313ef1,3cfd5d31d22468bcade6a90448d8bbc000c4b89b79181cde5818ac8c238e74ef,10
roofline,asset:40,MoEDispatch,40,H200_Server/train,succeeded,,24.9856,0,"[{""name"": ""x"", ""role"": ""input"", ""shape"": [1, 2048, 4096], ""dtype"": ""bf16"", ""expression"": ""[B, S, hidden_size]""}, {""name"": ""expert_ids"", ""role"": ""input"", ""shape"": [1, 2048, 8], ""dtype"": ""int32"", ""expression"": ""[B, S, top_k]""}]",{},roofline,80976cc4aef8c6113e512c92d4d4610285938981d0389a097579b73c8a313ef1,e675dcfdd4db342c7fc8882ea594877455fd1495e29ad3206512ad4a35ffd0c6,10
roofline,asset:64,MoEGate,64,H200_Server/train,succeeded,,29.152404667571236,1074266112,"[{""name"": ""x"", ""role"": ""input"", ""shape"": [1, 2048, 4096], ""dtype"": ""fp16"", ""expression"": ""[B, S, hidden_size]""}, {""name"": ""gate_weight"", ""role"": ""parameter"", ""shape"": [64, 4096], ""dtype"": ""fp32"", ""expression"": ""[num_experts, hidden_size]""}]",{},roofline,80976cc4aef8c6113e512c92d4d4610285938981d0389a097579b73c8a313ef1,3a38848ecc017db35fc3d862c8146626b6c3af3aabd42009d66eb3cc870d7d99,10
roofline,asset:65,MoEGateHashTopK,65,H200_Server/train,succeeded,,5.152914285714285,16943104,"[{""name"": ""x"", ""role"": ""input"", ""shape"": [1, 2048, 4096], ""dtype"": ""fp16"", ""expression"": ""[B, S, hidden_size]""}, {""name"": ""token_ids"", ""role"": ""input"", ""shape"": [1, 2048], ""dtype"": ""int64"", ""expression"": ""[B, S]""}, {""name"": ""gate_weight"", ""role"": ""parameter"", ""shape"": [64, 4096], ""dtype"": ""fp32"", ""expression"": ""[num_experts, hidden_size]""}]","{""top_k"": 8}",roofline,80976cc4aef8c6113e512c92d4d4610285938981d0389a097579b73c8a313ef1,5878f9b6c1159280c504037e712e19d0f41d4cc3673f48881031a926f68acfbd,10
roofline,asset:66,MoEGateTopK,66,H200_Server/train,succeeded,,29.142623175033922,1073905664,"[{""name"": ""x"", ""role"": ""input"", ""shape"": [1, 2048, 4096], ""dtype"": ""fp16"", ""expression"": ""[B, S, hidden_size]""}, {""name"": ""gate_weight"", ""role"": ""parameter"", ""shape"": [64, 4096], ""dtype"": ""fp32"", ""expression"": ""[num_experts, hidden_size]""}]","{""top_k"": 8}",roofline,80976cc4aef8c6113e512c92d4d4610285938981d0389a097579b73c8a313ef1,e0732e4b1066ca0072b1f7b2ae61c42223f3d66f6c7164c3e603a1812cec78bf,10
roofline,asset:67,MoETopK,67,H200_Server/train,succeeded,,0.23893333333333336,32768,"[{""name"": ""scores"", ""role"": ""input"", ""shape"": [1, 2048, 64], ""dtype"": ""fp16"", ""expression"": ""[B, S, num_experts]""}]","{""top_k"": 8}",roofline,80976cc4aef8c6113e512c92d4d4610285938981d0389a097579b73c8a313ef1,1f2ae82b9b02c1f7c9835783bc1fa58f39724160247520e03d01704f54233eba,10
roofline,asset:34,MoeDistributeCombineV3,34,H200_Server/train,unsupported,通信算子需要通信拓扑与通信成本模型，不属于本入口的 Roofline/TileSim 计算范围,,,"[{""name"": ""context"", ""role"": ""input"", ""shape"": [1], ""dtype"": ""int64"", ""expression"": ""[1]""}, {""name"": ""expand_x"", ""role"": ""input"", ""shape"": [8, 1, 2048, 4096], ""dtype"": ""bf16"", ""expression"": ""[top_k, B, S, hidden_size]""}, {""name"": ""expert_ids"", ""role"": ""input"", ""shape"": [1, 2048, 8], ""dtype"": ""int32"", ""expression"": ""[B, S, top_k]""}, {""name"": ""assist_info_for_combine"", ""role"": ""input"", ""shape"": [1, 2048, 8], ""dtype"": ""int32"", ""expression"": ""[B, S, top_k]""}, {""name"": ""ep_send_counts"", ""role"": ""input"", ""shape"": [1], ""dtype"": ""int32"", ""expression"": ""[ep_size]""}, {""name"": ""expert_scales"", ""role"": ""input"", ""shape"": [1, 2048, 8], ""dtype"": ""fp32"", ""expression"": ""[B, S, top_k]""}]",{},,,3ebcde675a804bc3ac985c3bd0ac39632b0bde491ef38e4c625cc685a55aa5f2,10
roofline,asset:35,MoeDistributeDispatchV3,35,H200_Server/train,unsupported,通信算子需要通信拓扑与通信成本模型，不属于本入口的 Roofline/TileSim 计算范围,,,"[{""name"": ""context"", ""role"": ""input"", ""shape"": [1], ""dtype"": ""int64"", ""expression"": ""[1]""}, {""name"": ""x"", ""role"": ""input"", ""shape"": [1, 2048, 4096], ""dtype"": ""bf16"", ""expression"": ""[B, S, hidden_size]""}, {""name"": ""expert_ids"", ""role"": ""input"", ""shape"": [1, 2048, 8], ""dtype"": ""int32"", ""expression"": ""[B, S, top_k]""}]","{""ep_size"": 1, ""n_routed_experts"": 64, ""tp_size"": 1}",,,7c1f77e11efe20f064ba8de757dd40ea5935d06255998a53811fd2920e687fa0,10
roofline,asset:33,MoeGatingTopK,33,H200_Server/train,succeeded,,0.4608,786432,"[{""name"": ""x"", ""role"": ""input"", ""shape"": [2048, 64], ""dtype"": ""bf16"", ""expression"": ""[B * S, num_experts]""}]","{""B"": 1, ""S"": 2048, ""top_k"": 8}",roofline,80976cc4aef8c6113e512c92d4d4610285938981d0389a097579b73c8a313ef1,7ee9a6e96dee70c8adcd339e109b8716180bce4b12757e1d7fe70012f8ee26a5,10
roofline,asset:21,Mul,21,H200_Server/train,succeeded,,14.979657142857144,8388608,"[{""name"": ""x1"", ""role"": ""input"", ""shape"": [1, 2048, 4096], ""dtype"": ""bf16"", ""expression"": ""[B, S, hidden_size]""}, {""name"": ""x2"", ""role"": ""input"", ""shape"": [1, 2048, 4096], ""dtype"": ""bf16"", ""expression"": ""[B, S, hidden_size]""}]",{},roofline,80976cc4aef8c6113e512c92d4d4610285938981d0389a097579b73c8a313ef1,5a5cfecc0f764a68da1a672fc0efcb10bf849097e5d7777225974a4f72905df3,10
roofline,asset:71,PLELayer,71,H200_Server/train,succeeded,,443.09273441987233,215486693376,"[{""name"": ""input_ids"", ""role"": ""input"", ""shape"": [1, 2048], ""dtype"": ""int32"", ""expression"": ""[B, S]""}, {""name"": ""hyper_state"", ""role"": ""input"", ""shape"": [1, 2048, 16384], ""dtype"": ""bf16"", ""expression"": ""[B, S, hc_count * hidden_size]""}, {""name"": ""ngram_embedding"", ""role"": ""parameter"", ""shape"": [65536, 160], ""dtype"": ""bf16"", ""expression"": ""[ngram_vocab_size_base * (ngram_size - 1) * heads_per_ngram, ple_embed_dim // ((ngram_size - 1) * heads_per_ngram)]""}, {""name"": ""key_weight"", ""role"": ""parameter"", ""shape"": [16384, 2560], ""dtype"": ""bf16"", ""expression"": ""[hc_count * hidden_size, ple_embed_dim]""}, {""name"": ""value_weight"", ""role"": ""parameter"", ""shape"": [4096, 2560], ""dtype"": ""bf16"", ""expression"": ""[hidden_size, ple_embed_dim]""}]","{""hc_count"": 4, ""heads_per_ngram"": 8, ""ngram_size"": 3, ""ngram_vocab_size_base"": 4096, ""ple_conv_kernel_size"": 4}",roofline,80976cc4aef8c6113e512c92d4d4610285938981d0389a097579b73c8a313ef1,6dc3b04fa37b04cca4c0518e8e50db2a71caae3daacf65355cd80f5baca36f83,10
roofline,asset:74,QSAIndexer,74,H200_Server/train,succeeded,,20.246728381308824,11845500928,"[{""name"": ""x"", ""role"": ""input"", ""shape"": [1, 2048, 4096], ""dtype"": ""bf16"", ""expression"": ""[B, S, hidden_size]""}, {""name"": ""index_qk_weight"", ""role"": ""parameter"", ""shape"": [640, 4096], ""dtype"": ""bf16"", ""expression"": ""[(indexer_n_heads + indexer_kv_heads) * indexer_head_dim, hidden_size]""}, {""name"": ""q_norm_scale"", ""role"": ""parameter"", ""shape"": [128], ""dtype"": ""bf16"", ""expression"": ""[indexer_head_dim]""}, {""name"": ""k_norm_scale"", ""role"": ""parameter"", ""shape"": [128], ""dtype"": ""bf16"", ""expression"": ""[indexer_head_dim]""}]","{""indexer_budget"": 512, ""indexer_compress_ratio"": 4, ""indexer_kv_heads"": 1, ""indexer_n_heads"": 4, ""kv_len"": 2048}",roofline,80976cc4aef8c6113e512c92d4d4610285938981d0389a097579b73c8a313ef1,1a22b2f67d0773c0273126c94c81d83e85bd880bba71256797beb2cc55b8d117,10
roofline,asset:8,QuantBatchMatmulV3,8,H200_Server/train,succeeded,,186.64334889135927,184683593728,"[{""name"": ""x1"", ""role"": ""input"", ""shape"": [2048, 4096], ""dtype"": ""fp8"", ""expression"": ""[B * S, hidden_size]""}, {""name"": ""x2"", ""role"": ""parameter"", ""shape"": [11008, 4096], ""dtype"": ""fp8"", ""expression"": ""[intermediate_size, hidden_size]""}, {""name"": ""scale"", ""role"": ""parameter"", ""shape"": [1], ""dtype"": ""fp32"", ""expression"": ""[1]""}]","{""B"": 1, ""S"": 2048}",roofline,80976cc4aef8c6113e512c92d4d4610285938981d0389a097579b73c8a313ef1,a4a2fd0bdbff46640114281f41dbd2d612f8e9d4c71886fffc90dbcdd23da075,10
roofline,asset:32,QuantLightningIndexer,32,H200_Server/train,succeeded,,20.540250268555642,704839680,"[{""name"": ""query"", ""role"": ""input"", ""shape"": [1, 2048, 32, 128], ""dtype"": ""int8"", ""expression"": ""[B, S, num_attention_heads, head_dim]""}, {""name"": ""key"", ""role"": ""input"", ""shape"": [1, 2048, 1, 128], ""dtype"": ""int8"", ""expression"": ""[B, S, 1, head_dim]""}, {""name"": ""weights"", ""role"": ""input"", ""shape"": [1, 2048, 32], ""dtype"": ""fp16"", ""expression"": ""[B, S, num_attention_heads]""}, {""name"": ""query_dequant_scale"", ""role"": ""input"", ""shape"": [1, 2048, 32], ""dtype"": ""fp16"", ""expression"": ""[B, S, num_attention_heads]""}, {""name"": ""key_dequant_scale"", ""role"": ""input"", ""shape"": [1, 2048, 1], ""dtype"": ""fp16"", ""expression"": ""[B, S, 1]""}]","{""sparse_count"": 512}",roofline,80976cc4aef8c6113e512c92d4d4610285938981d0389a097579b73c8a313ef1,3981d5f48838754a5be9323510016c755593f044a9a27ebcae8087894bd0491a,10
roofline,asset:69,RMSNormGated,69,H200_Server/train,succeeded,,9.991314285714287,75497472,"[{""name"": ""x"", ""role"": ""input"", ""shape"": [1, 2048, 4096], ""dtype"": ""fp16"", ""expression"": ""[B, S, hidden_size]""}, {""name"": ""gate"", ""role"": ""input"", ""shape"": [1, 2048, 4096], ""dtype"": ""fp16"", ""expression"": ""[B, S, hidden_size]""}, {""name"": ""weight"", ""role"": ""parameter"", ""shape"": [4096], ""dtype"": ""fp16"", ""expression"": ""[hidden_size]""}]",{},roofline,80976cc4aef8c6113e512c92d4d4610285938981d0389a097579b73c8a313ef1,ce9eb33127e7470819cb8e940422e9a99feb5d2863987f1f9e6cf8c2b4b3db38,10
roofline,asset:70,RMSNormQuant,70,H200_Server/train,succeeded,,9.988876190476189,50331648,"[{""name"": ""x"", ""role"": ""input"", ""shape"": [1, 2048, 4096], ""dtype"": ""fp16"", ""expression"": ""[B, S, hidden_size]""}]",{},roofline,80976cc4aef8c6113e512c92d4d4610285938981d0389a097579b73c8a313ef1,c4aa46da7d1cc5225809f1566ea5366305b783f7e58fb15b9bad7598ad40ad0e,10
roofline,asset:22,RmsNorm,22,H200_Server/train,succeeded,,9.991314285714287,50331648,"[{""name"": ""x"", ""role"": ""input"", ""shape"": [2048, 4096], ""dtype"": ""bf16"", ""expression"": ""[B * S, hidden_size]""}, {""name"": ""gamma"", ""role"": ""parameter"", ""shape"": [4096], ""dtype"": ""bf16"", ""expression"": ""[hidden_size]""}]","{""B"": 1, ""S"": 2048}",roofline,80976cc4aef8c6113e512c92d4d4610285938981d0389a097579b73c8a313ef1,e56090d3e080b972bb15c76b59324ffd39556c56cea692e7a66970291ad6d23f,10
roofline,asset:72,RopeComplex,72,H200_Server/train,succeeded,,9.986438095238094,16777216,"[{""name"": ""x"", ""role"": ""input"", ""shape"": [1, 2048, 32, 128], ""dtype"": ""bf16"", ""expression"": ""[B, S, num_attention_heads // tp_size, head_dim]""}]","{""num_attention_heads"": 32, ""tp_size"": 1}",roofline,80976cc4aef8c6113e512c92d4d4610285938981d0389a097579b73c8a313ef1,077b39a3ebc4842ab4e2600f417f758e4417a7183709979262b6972758798b9c,10
roofline,asset:73,RopeInterLeave,73,H200_Server/train,succeeded,,14.979657142857144,0,"[{""name"": ""q"", ""role"": ""input"", ""shape"": [1, 2048, 32, 128], ""dtype"": ""bf16"", ""expression"": ""[B, S, num_attention_heads // tp_size, head_dim]""}, {""name"": ""k"", ""role"": ""input"", ""shape"": [1, 2048, 32, 128], ""dtype"": ""bf16"", ""expression"": ""[B, S, num_attention_heads // tp_size, head_dim]""}]","{""num_attention_heads"": 32, ""tp_size"": 1}",roofline,80976cc4aef8c6113e512c92d4d4610285938981d0389a097579b73c8a313ef1,f6adf3960014523e2286676540ca701366dfbf48595676063aea158babde13fc,10
roofline,asset:53,RowParallelLinear,53,H200_Server/train,succeeded,,373.4754170434783,184683593728,"[{""name"": ""x_shard"", ""role"": ""input"", ""shape"": [1, 2048, 4096], ""dtype"": ""fp16"", ""expression"": ""[B, S, hidden_size]""}, {""name"": ""weight_shard"", ""role"": ""parameter"", ""shape"": [11008, 4096], ""dtype"": ""fp16"", ""expression"": ""[intermediate_dim, hidden_size]""}]",{},roofline,80976cc4aef8c6113e512c92d4d4610285938981d0389a097579b73c8a313ef1,dbf913423ad26c6ce0fb793254897f0d1dd3db018092edd2730ed8af4dc6b886,10
roofline,asset:46,START,46,H200_Server/train,unsupported,该资产不属于两种方法的单算子建模范围,,,"[{""name"": ""out"", ""role"": ""input"", ""shape"": [1, 2048, 4096], ""dtype"": ""fp16"", ""expression"": ""[B, S, hidden_size]""}]",{},,,357c88ec90c4e2693cb0e43841e34d7f82396f91b8ae77de050e73b922589c36,10
roofline,asset:23,ScatterNdUpdate,23,H200_Server/train,succeeded,,0.41386666666666666,0,"[{""name"": ""var"", ""role"": ""input"", ""shape"": [1, 2048, 128], ""dtype"": ""fp8"", ""expression"": ""[B, seq_len, index_head_dim]""}, {""name"": ""indices"", ""role"": ""input"", ""shape"": [1, 2048], ""dtype"": ""int32"", ""expression"": ""[B, S]""}, {""name"": ""updates"", ""role"": ""input"", ""shape"": [1, 2048, 128], ""dtype"": ""fp8"", ""expression"": ""[B, S, index_head_dim]""}]",{},roofline,80976cc4aef8c6113e512c92d4d4610285938981d0389a097579b73c8a313ef1,433e0069083a484af0e9c9e5a2392fb6ebbf8502ef578ffb9324971e303cc807,10
roofline,asset:24,Sigmoid,24,H200_Server/train,succeeded,,9.986438095238094,33554432,"[{""name"": ""x"", ""role"": ""input"", ""shape"": [1, 2048, 4096], ""dtype"": ""bf16"", ""expression"": ""[B, S, hidden_size]""}]",{},roofline,80976cc4aef8c6113e512c92d4d4610285938981d0389a097579b73c8a313ef1,32e229d3a25b7f4251f1c1be583bb28b0266dd5cee9c86c1ab13556f438c4528,10
roofline,asset:36,SituAndMul,36,H200_Server/train,succeeded,,66.30701176470588,247988224,"[{""name"": ""x"", ""role"": ""input"", ""shape"": [1, 2048, 22016], ""dtype"": ""fp32"", ""expression"": ""[B, S, 2 * intermediate_size]""}]","{""intermediate_size"": 11008}",roofline,80976cc4aef8c6113e512c92d4d4610285938981d0389a097579b73c8a313ef1,aef37ee6a206d4b4ba7c9d6cc5e682d7e8248362417270822dbb31c076943298,10
roofline,asset:5,SparseAttnSharedkv,5,H200_Server/train,succeeded,,10.005942857142857,33816576,"[{""name"": ""q"", ""role"": ""input"", ""shape"": [1, 2048, 32, 128], ""dtype"": ""bf16"", ""expression"": ""[B, S, num_attention_heads, head_dim]""}, {""name"": ""ori_kv"", ""role"": ""input"", ""shape"": [1, 128, 1, 128], ""dtype"": ""bf16"", ""expression"": ""[B, sliding_window, 1, head_dim]""}, {""name"": ""cmp_kv"", ""role"": ""input"", ""shape"": [1, 512, 1, 128], ""dtype"": ""bf16"", ""expression"": ""[B, cmp_len, 1, head_dim]""}]",{},roofline,80976cc4aef8c6113e512c92d4d4610285938981d0389a097579b73c8a313ef1,16a108dee760217e7f1d7567ef1128f4fa58efd23e58ab117ace2ab58ceb4664,10
roofline,asset:6,SparseFlashAttention,6,H200_Server/train,succeeded,,10.298514285714285,33816576,"[{""name"": ""query"", ""role"": ""input"", ""shape"": [1, 2048, 32, 128], ""dtype"": ""bf16"", ""expression"": ""[B, S, num_attention_heads, head_dim]""}, {""name"": ""key"", ""role"": ""input"", ""shape"": [1, 2048, 1, 128], ""dtype"": ""bf16"", ""expression"": ""[B, seq_len, 1, head_dim]""}, {""name"": ""value"", ""role"": ""input"", ""shape"": [1, 2048, 1, 128], ""dtype"": ""bf16"", ""expression"": ""[B, seq_len, 1, head_dim]""}, {""name"": ""sparse_indices"", ""role"": ""input"", ""shape"": [1, 2048, 512], ""dtype"": ""int32"", ""expression"": ""[B, S, index_topk]""}]",{},roofline,80976cc4aef8c6113e512c92d4d4610285938981d0389a097579b73c8a313ef1,51c7d219cde799b362443dd5793af925a6b0ae2ed431717fa6fa6908f73b81e6,10
roofline,asset:76,SparseIndexSelect,76,H200_Server/train,succeeded,,2.4966095238095236,0,"[{""name"": ""l2_scores_reduced"", ""role"": ""input"", ""shape"": [1, 2048, 1024], ""dtype"": ""bf16"", ""expression"": ""[B, S, seq_len // 2]""}]","{""index_topk"": 512, ""seq_len"": 2048}",roofline,80976cc4aef8c6113e512c92d4d4610285938981d0389a097579b73c8a313ef1,59ff199c66959e67b4aa6cc21b2e1988100907c4ba5e902ddb73ce24c93092aa,10
roofline,asset:25,SwiGlu,25,H200_Server/train,succeeded,,33.15350588235294,22544384,"[{""name"": ""x"", ""role"": ""input"", ""shape"": [1, 2048, 22016], ""dtype"": ""bf16"", ""expression"": ""[B, S, 2 * intermediate_size]""}]","{""intermediate_size"": 11008}",roofline,80976cc4aef8c6113e512c92d4d4610285938981d0389a097579b73c8a313ef1,02d41798a2f0109d1641c857b56486784a6f9d6ed04d888f00f16a87d56f796f,10
roofline,asset:26,SwiGluQuant,26,H200_Server/train,succeeded,,27.629929411764707,22546432,"[{""name"": ""x"", ""role"": ""input"", ""shape"": [2048, 22016], ""dtype"": ""bf16"", ""expression"": ""[B * S, 2 * intermediate_size]""}]","{""B"": 1, ""S"": 2048, ""intermediate_size"": 11008}",roofline,80976cc4aef8c6113e512c92d4d4610285938981d0389a097579b73c8a313ef1,4289f4c26a6af13c3a184d18e9fddb5f26c480c1970eace7f7dc344dfc2e5d34,10
roofline,asset:27,SwigluGroupQuant,27,H200_Server/train,succeeded,,6.009904761904762,40370176,"[{""name"": ""x"", ""role"": ""input"", ""shape"": [2048, 2816], ""dtype"": ""bf16"", ""expression"": ""[routed_tokens_per_rank, 2 * moe_intermediate_size]""}]","{""moe_intermediate_size"": 1408}",roofline,80976cc4aef8c6113e512c92d4d4610285938981d0389a097579b73c8a313ef1,5518457f646e00833d1155636ead3c9128b0cfd1b7e52ad82b8ba1c676ee37ce,10
roofline,asset:77,TorchAdd,77,H200_Server/train,succeeded,,14.979657142857144,8388608,"[{""name"": ""a"", ""role"": ""input"", ""shape"": [1, 2048, 4096], ""dtype"": ""fp16"", ""expression"": ""[B, S, hidden_size]""}, {""name"": ""b"", ""role"": ""input"", ""shape"": [1, 2048, 4096], ""dtype"": ""fp16"", ""expression"": ""[B, S, hidden_size]""}]",{},roofline,80976cc4aef8c6113e512c92d4d4610285938981d0389a097579b73c8a313ef1,417573b40af4f1dbd75426a34c5da6c257b3851052a619f8c41e14ac21b00355,10
roofline,asset:78,TorchCos,78,H200_Server/train,succeeded,,9.986438095238094,83886080,"[{""name"": ""x"", ""role"": ""input"", ""shape"": [1, 2048, 4096], ""dtype"": ""fp16"", ""expression"": ""[B, S, hidden_size]""}]",{},roofline,80976cc4aef8c6113e512c92d4d4610285938981d0389a097579b73c8a313ef1,ae69b5663fa682f20875fde148d229b7efe7f999cbd288b3930eea05dc5b711c,10
roofline,asset:79,TorchCumsum,79,H200_Server/train,succeeded,,9.986438095238094,8388608,"[{""name"": ""x"", ""role"": ""input"", ""shape"": [1, 2048, 4096], ""dtype"": ""fp16"", ""expression"": ""[B, S, hidden_size]""}]","{""axis"": -1}",roofline,80976cc4aef8c6113e512c92d4d4610285938981d0389a097579b73c8a313ef1,9d533b2f77d929fe638f8d1bce526ab17e6227c49da028cf17ed7985cf05b701,10
roofline,asset:80,TorchMm,80,H200_Server/train,succeeded,,0.5461333333333334,268435456,"[{""name"": ""a"", ""role"": ""input"", ""shape"": [1024, 512], ""dtype"": ""fp16"", ""expression"": ""[M, K]""}, {""name"": ""b"", ""role"": ""input"", ""shape"": [512, 256], ""dtype"": ""fp16"", ""expression"": ""[K, N]""}]",{},roofline,80976cc4aef8c6113e512c92d4d4610285938981d0389a097579b73c8a313ef1,c52595627e0ca0d0e7ca9a68f7ed86eeb7cf949f22351b0f6fc690e8060967e6,10
roofline,asset:81,TorchMul,81,H200_Server/train,succeeded,,14.979657142857144,8388608,"[{""name"": ""a"", ""role"": ""input"", ""shape"": [1, 2048, 4096], ""dtype"": ""fp16"", ""expression"": ""[B, S, hidden_size]""}, {""name"": ""b"", ""role"": ""input"", ""shape"": [1, 2048, 4096], ""dtype"": ""fp16"", ""expression"": ""[B, S, hidden_size]""}]",{},roofline,80976cc4aef8c6113e512c92d4d4610285938981d0389a097579b73c8a313ef1,5fc497fc03d461b81b5c111620ac3a5098b83f184a55e5a89807715d49c44cff,10
roofline,asset:82,TorchSin,82,H200_Server/train,succeeded,,9.986438095238094,83886080,"[{""name"": ""x"", ""role"": ""input"", ""shape"": [1, 2048, 4096], ""dtype"": ""fp16"", ""expression"": ""[B, S, hidden_size]""}]",{},roofline,80976cc4aef8c6113e512c92d4d4610285938981d0389a097579b73c8a313ef1,c99df20107e854274c012b5a7f7e65bc50c20461ab7c8c3188b827597ff0bc1c,10
roofline,asset:83,TorchSoftmax,83,H200_Server/train,succeeded,,9.986438095238094,33554432,"[{""name"": ""x"", ""role"": ""input"", ""shape"": [1, 2048, 4096], ""dtype"": ""fp16"", ""expression"": ""[B, S, hidden_size]""}]",{},roofline,80976cc4aef8c6113e512c92d4d4610285938981d0389a097579b73c8a313ef1,813d8123002aa700dfa939c5f97f0767f4a220a0415a7f94038377fb081caeb1,10
roofline,asset:84,TorchSort,84,H200_Server/train,succeeded,,24.672376470588233,385875968,"[{""name"": ""x"", ""role"": ""input"", ""shape"": [1, 2048, 4096], ""dtype"": ""fp16"", ""expression"": ""[B, S, hidden_size]""}]",{},roofline,80976cc4aef8c6113e512c92d4d4610285938981d0389a097579b73c8a313ef1,e604e9f1a5a1c551428543ee8deb2f1bfb16e47b359c60ba89d78cf2e785d0b0,10
roofline,asset:85,TorchSum,85,H200_Server/train,succeeded,,4.9956571428571435,4096,"[{""name"": ""x"", ""role"": ""input"", ""shape"": [1, 2048, 4096], ""dtype"": ""fp16"", ""expression"": ""[B, S, hidden_size]""}]","{""axis"": 1}",roofline,80976cc4aef8c6113e512c92d4d4610285938981d0389a097579b73c8a313ef1,5afa517ece47d754a053cd6dceb421de8f034041cedffc94a676b54b45288beb,10
roofline,asset:28,Transpose,28,H200_Server/train,succeeded,,9.98644523809524,0,"[{""name"": ""x"", ""role"": ""input"", ""shape"": [1, 2048, 4096], ""dtype"": ""bf16"", ""expression"": ""[B, S, hidden_size]""}, {""name"": ""perm"", ""role"": ""input"", ""shape"": [3], ""dtype"": ""int64"", ""expression"": ""[3]""}]","{""permutation"": [0, 2, 1]}",roofline,80976cc4aef8c6113e512c92d4d4610285938981d0389a097579b73c8a313ef1,7c362552e7dbfb82549b3d11727564bc8497e17af3bbc6deab6fa750b1ba5ec4,10
roofline,asset:9,TransposeBatchMatMul,9,H200_Server/train,succeeded,,373.4754170434783,184683593728,"[{""name"": ""x1"", ""role"": ""input"", ""shape"": [1, 2048, 4096], ""dtype"": ""bf16"", ""expression"": ""[B, S, hidden_size]""}, {""name"": ""x2"", ""role"": ""parameter"", ""shape"": [1, 4096, 11008], ""dtype"": ""bf16"", ""expression"": ""[B, hidden_size, intermediate_size]""}]",{},roofline,80976cc4aef8c6113e512c92d4d4610285938981d0389a097579b73c8a313ef1,70b5ef2434b0a20ce258c7c5ee23ea8f6d1cc9c30201924c5fe23bbf36d68684,10
roofline,asset:86,VisionEncoderBlock,86,H200_Server/train,succeeded,,15.882887007316572,8188125184,"[{""name"": ""vision_hidden"", ""role"": ""input"", ""shape"": [256, 1280], ""dtype"": ""bf16"", ""expression"": ""[vision_patch_tokens, vision_hidden_size]""}, {""name"": ""norm1_scale"", ""role"": ""parameter"", ""shape"": [1280], ""dtype"": ""bf16"", ""expression"": ""[vision_hidden_size]""}, {""name"": ""qkv_weight"", ""role"": ""parameter"", ""shape"": [3840, 1280], ""dtype"": ""bf16"", ""expression"": ""[3 * vision_hidden_size, vision_hidden_size]""}, {""name"": ""o_weight"", ""role"": ""parameter"", ""shape"": [1280, 1280], ""dtype"": ""bf16"", ""expression"": ""[vision_hidden_size, vision_hidden_size]""}, {""name"": ""norm2_scale"", ""role"": ""parameter"", ""shape"": [1280], ""dtype"": ""bf16"", ""expression"": ""[vision_hidden_size]""}, {""name"": ""fc1_weight"", ""role"": ""parameter"", ""shape"": [3420, 1280], ""dtype"": ""bf16"", ""expression"": ""[vision_intermediate_size, vision_hidden_size]""}, {""name"": ""fc2_weight"", ""role"": ""parameter"", ""shape"": [1280, 3420], ""dtype"": ""bf16"", ""expression"": ""[vision_hidden_size, vision_intermediate_size]""}]","{""vision_attention_token_pairs"": 65536, ""vision_num_heads"": 16}",roofline,80976cc4aef8c6113e512c92d4d4610285938981d0389a097579b73c8a313ef1,12c8befd4a3804fbb6914d56b51f7d43fc6d1af14ccc9b32d5f3776e1f1ae679,10
roofline,asset:87,VisionPatchEmbed,87,H200_Server/train,succeeded,,1.5624633755791317,771031040,"[{""name"": ""pixel_values"", ""role"": ""input"", ""shape"": [256, 1176], ""dtype"": ""bf16"", ""expression"": ""[vision_patch_tokens, vision_in_channels * vision_temporal_patch_size * vision_patch_size * vision_patch_size]""}, {""name"": ""projection_weight"", ""role"": ""parameter"", ""shape"": [1280, 1176], ""dtype"": ""bf16"", ""expression"": ""[vision_hidden_size, vision_in_channels * vision_temporal_patch_size * vision_patch_size * vision_patch_size]""}]","{""vision_in_channels"": 3, ""vision_patch_size"": 14, ""vision_temporal_patch_size"": 2}",roofline,80976cc4aef8c6113e512c92d4d4610285938981d0389a097579b73c8a313ef1,87b6a23fbb0e3e9675e01370aa6512cc0fb2184a9a1c1431e6259c92860996a3,10
roofline,asset:88,VisionPatchMerger,88,H200_Server/train,succeeded,,28.43870476190476,6044057600,"[{""name"": ""vision_hidden"", ""role"": ""input"", ""shape"": [256, 1280], ""dtype"": ""bf16"", ""expression"": ""[vision_patch_tokens, vision_hidden_size]""}, {""name"": ""norm_scale"", ""role"": ""parameter"", ""shape"": [1280], ""dtype"": ""bf16"", ""expression"": ""[vision_hidden_size]""}, {""name"": ""fc1_weight"", ""role"": ""parameter"", ""shape"": [5120, 5120], ""dtype"": ""bf16"", ""expression"": ""[vision_hidden_size * vision_spatial_merge_size * vision_spatial_merge_size, vision_hidden_size * vision_spatial_merge_size * vision_spatial_merge_size]""}, {""name"": ""fc2_weight"", ""role"": ""parameter"", ""shape"": [4096, 5120], ""dtype"": ""bf16"", ""expression"": ""[vision_out_hidden_size, vision_hidden_size * vision_spatial_merge_size * vision_spatial_merge_size]""}]","{""vision_merged_tokens"": 64, ""vision_spatial_merge_size"": 2}",roofline,80976cc4aef8c6113e512c92d4d4610285938981d0389a097579b73c8a313ef1,181def296fc90d234f8509b504b2ede5ee038591eba9de81d6aa41f935021d64,10
roofline,asset:89,VisionTextEmbeddingMerge,89,H200_Server/train,succeeded,,33.025003921568626,524288,"[{""name"": ""text_embeddings"", ""role"": ""input"", ""shape"": [1, 2048, 16384], ""dtype"": ""bf16"", ""expression"": ""[B, S, hc_count * hidden_size]""}, {""name"": ""visual_embeddings"", ""role"": ""input"", ""shape"": [64, 4096], ""dtype"": ""bf16"", ""expression"": ""[vision_merged_tokens, hidden_size]""}]","{""hc_count"": 4}",roofline,80976cc4aef8c6113e512c92d4d4610285938981d0389a097579b73c8a313ef1,07d0fdb598013e786f35e75a404f732fba563c8503739b1451e1eb4d38c0784e,10
tilesim,builtin:matmul,MatMul,,H200_Server/train,unsupported,"TileSim 原生模型：<DType.BF16: (2, 'BF16')>",,,"[{""name"": ""A"", ""shape"": [1024, 512], ""dtype"": ""bf16"", ""role"": ""input""}, {""name"": ""B"", ""shape"": [512, 256], ""dtype"": ""bf16"", ""role"": ""input""}]",{},,,47eb58995af59dcfb817f850788a5411b0bb6bea563a96c2ee7c1ce70e897469,10
tilesim,builtin:linear,Linear,,H200_Server/train,unsupported,"TileSim 原生模型：<DType.BF16: (2, 'BF16')>",,,"[{""name"": ""input"", ""shape"": [1024, 512], ""dtype"": ""bf16"", ""role"": ""input""}, {""name"": ""weight"", ""shape"": [256, 512], ""dtype"": ""bf16"", ""role"": ""input""}]",{},,,bced5eaa254f33508cd93f139a410e7f77f18d26ef43cf3f0507af1f89560ae9,10
tilesim,builtin:bmm,BMM,,H200_Server/train,unsupported,"TileSim 原生模型：<DType.BF16: (2, 'BF16')>",,,"[{""name"": ""A"", ""shape"": [32, 128, 512], ""dtype"": ""bf16"", ""role"": ""input""}, {""name"": ""B"", ""shape"": [32, 512, 128], ""dtype"": ""bf16"", ""role"": ""input""}]",{},,,8319bca52654a0cf7e84f80de585aad5a672d77f0fa422b5a737ae402918b9b6,10
tilesim,builtin:flash_attention,FlashAttention,,H200_Server/train,unsupported,TileSim 原生模型：object of type 'NoneType' has no len(),,,"[{""name"": ""Q"", ""shape"": [2, 32, 512, 128], ""dtype"": ""bf16"", ""role"": ""input""}, {""name"": ""K"", ""shape"": [2, 32, 512, 128], ""dtype"": ""bf16"", ""role"": ""input""}, {""name"": ""V"", ""shape"": [2, 32, 512, 128], ""dtype"": ""bf16"", ""role"": ""input""}]",{},,,d0d78a6c8c862c3fe34f52d83584f5834630e1bc72913b76f3b2705aa9700714,10
tilesim,builtin:layernorm,LayerNorm,,H200_Server/train,unsupported,TileSim 原生模型：[TheoOp.<function BasicOperator.op_name at 0x10aaff2e0>]: inputs len must be 3,,,"[{""name"": ""input"", ""shape"": [1024, 4096], ""dtype"": ""bf16"", ""role"": ""input""}, {""name"": ""weight"", ""shape"": [4096], ""dtype"": ""bf16"", ""role"": ""input""}]",{},,,faa6471a747a8e5c5f84edf5f92034c1dae491d7284463a0f5355ff8df084a22,10
tilesim,builtin:rms_norm,RMSNorm,,H200_Server/train,unsupported,TileSim RmsNorm 需要 x/gamma 输入及 y/rstd 两个输出；当前模板边界不符,,,"[{""name"": ""input"", ""shape"": [1024, 4096], ""dtype"": ""bf16"", ""role"": ""input""}, {""name"": ""weight"", ""shape"": [4096], ""dtype"": ""bf16"", ""role"": ""input""}]",{},,,ee1f2f8f64bad71a09d796bb15c8749b7d55862d92ab093a09a9daad9c14e0be,10
tilesim,builtin:swiglu,SwiGLU,,H200_Server/train,unsupported,TileSim 展平会改变广播分组，不支持该形状,,,"[{""name"": ""hidden"", ""shape"": [1024, 4096], ""dtype"": ""bf16"", ""role"": ""input""}, {""name"": ""gate_w"", ""shape"": [11008, 4096], ""dtype"": ""bf16"", ""role"": ""input""}, {""name"": ""up_w"", ""shape"": [11008, 4096], ""dtype"": ""bf16"", ""role"": ""input""}, {""name"": ""down_w"", ""shape"": [4096, 11008], ""dtype"": ""bf16"", ""role"": ""input""}]",{},,,336d2ca7a6caccd14a25351d5df79677f1ecd6566292d2a676ca128769de5f69,10
tilesim,builtin:embedding,Embedding,,H200_Server/train,unsupported,GatherV2 需要显式 axis=0 和完整的参数、索引、轴输入,,,"[{""name"": ""weight"", ""shape"": [32000, 4096], ""dtype"": ""bf16"", ""role"": ""input""}, {""name"": ""indices"", ""shape"": [2, 512], ""dtype"": ""int32"", ""role"": ""input""}]",{},,,0a2436e59305db34be1c39b08596acbb1aae1916b3cfb5cc6ed813e6b148124e,10
tilesim,builtin:silu,SiLU,,H200_Server/train,unsupported,TileSim 原生模型：不支持的算子类型：OpType.Swish,,,"[{""name"": ""input"", ""shape"": [1024, 4096], ""dtype"": ""bf16"", ""role"": ""input""}]",{},,,998cccf124d897bcdfb752257e569417b3033977d4df195e007c1c43f390e943,10
tilesim,builtin:gelu,GELU,,H200_Server/train,unsupported,"TileSim 原生模型：\n解析语句出错: 第 12 行: input_x1 = Tensor([m1, n1], d_type, MemLoc.GM)。 报错内容如下: 'shape'",,,"[{""name"": ""input"", ""shape"": [1024, 4096], ""dtype"": ""bf16"", ""role"": ""input""}]",{},,,237b357703404d3da97bc533b43573254dc1675686043dd2eaee77fd4a47dac3,10
tilesim,builtin:softmax,Softmax,,H200_Server/train,unsupported,"TileSim 原生模型：<DType.BF16: (2, 'BF16')>",,,"[{""name"": ""input"", ""shape"": [32, 32, 512, 512], ""dtype"": ""bf16"", ""role"": ""input""}]",{},,,3907244b46f0a922fbaa48e49025d133ae485d722b9a20dd8283135fa38e8d67,10
tilesim,asset:68,AddRMSNormQuant,68,H200_Server/train,unsupported,TileSim 原生模型：don't support AddRMSNormQuant now,,,"[{""name"": ""x1"", ""role"": ""input"", ""shape"": [1, 2048, 4096], ""dtype"": ""fp16"", ""expression"": ""[B, S, hidden_size]""}, {""name"": ""x2"", ""role"": ""input"", ""shape"": [1, 2048, 4096], ""dtype"": ""fp16"", ""expression"": ""[B, S, hidden_size]""}]",{},,,3e84c872352069fd582e00f426a06855356db9c829ea59e090b8f90971274a30,10
tilesim,asset:10,AddRmsNorm,10,H200_Server/train,unsupported,TileSim 原生模型：[TheoOp.addrmsnorm]: outputs len must be 1,,,"[{""name"": ""x1"", ""role"": ""input"", ""shape"": [2048, 4096], ""dtype"": ""bf16"", ""expression"": ""[B * S, hidden_size]""}, {""name"": ""x2"", ""role"": ""input"", ""shape"": [2048, 4096], ""dtype"": ""bf16"", ""expression"": ""[B * S, hidden_size]""}, {""name"": ""gamma"", ""role"": ""parameter"", ""shape"": [4096], ""dtype"": ""bf16"", ""expression"": ""[hidden_size]""}]","{""B"": 1, ""S"": 2048}",,,7570978cb97f66e836f1a580e7599b3cce1b62f9c59e16d41f7f2fce4a40ffdc,10
tilesim,asset:11,AddRmsNormBias,11,H200_Server/train,unsupported,TileSim 原生模型：don't support AddRmsNormBias now,,,"[{""name"": ""x1"", ""role"": ""input"", ""shape"": [2048, 4096], ""dtype"": ""bf16"", ""expression"": ""[B * S, hidden_size]""}, {""name"": ""x2"", ""role"": ""input"", ""shape"": [2048, 4096], ""dtype"": ""bf16"", ""expression"": ""[B * S, hidden_size]""}, {""name"": ""gamma"", ""role"": ""parameter"", ""shape"": [4096], ""dtype"": ""bf16"", ""expression"": ""[hidden_size]""}, {""name"": ""beta"", ""role"": ""parameter"", ""shape"": [4096], ""dtype"": ""bf16"", ""expression"": ""[hidden_size]""}]","{""B"": 1, ""S"": 2048}",,,c630a2dde63784db1cfdcb79bf8e8ecef0adf6eb7c918c5308c941e0d749d9c7,10
tilesim,asset:37,AllGather,37,H200_Server/train,unsupported,该资产不属于两种方法的单算子建模范围,,,"[{""name"": ""logits_shard"", ""role"": ""input"", ""shape"": [1, 2048, 128256], ""dtype"": ""fp16"", ""expression"": ""[B, S, vocab_size // lmhead_tp_size]""}]","{""lmhead_tp_size"": 1, ""vocab_size"": 128256}",,,756c75d73d65e8bce1c49bb79fb2f13c268ea6eed49918bb350e9b92034049e2,10
tilesim,asset:38,AllReduce,38,H200_Server/train,unsupported,该资产不属于两种方法的单算子建模范围,,,"[{""name"": ""x"", ""role"": ""input"", ""shape"": [1, 2048, 4096], ""dtype"": ""fp16"", ""expression"": ""[B, S, hidden_size]""}]",{},,,21a651c3373caf8d975640214d7f8531cb87a896de30ac1a61eb7bed69320200,10
tilesim,asset:12,Cast,12,H200_Server/train,unsupported,TileSim 原生模型：unsupported operand type(s) for /: 'int' and 'NoneType',,,"[{""name"": ""x"", ""role"": ""input"", ""shape"": [1, 2048, 4096], ""dtype"": ""bf16"", ""expression"": ""[B, S, hidden_size]""}]",{},,,325e62df34e2945c41b3baa12f55bd2753213b5592037239c5eb4643bd8f1eb5,10
tilesim,asset:13,CausalConv1d,13,H200_Server/train,unsupported,TileSim 原生模型：don't support CausalConv1d now,,,"[{""name"": ""x"", ""role"": ""input"", ""shape"": [1, 2048, 4096], ""dtype"": ""bf16"", ""expression"": ""[B, S, hidden_size]""}, {""name"": ""weight"", ""role"": ""input"", ""shape"": [512, 4096], ""dtype"": ""bf16"", ""expression"": ""[K, hidden_size]""}, {""name"": ""conv_states"", ""role"": ""input"", ""shape"": [1, 511, 4096], ""dtype"": ""bf16"", ""expression"": ""[num_cache_lines, state_len, hidden_size]""}]",{},,,08d448b794cc50f37c300606f4684d487cca62ab7c6867b3b44ae6fffbf3f707,10
tilesim,asset:1,ChunkGatedDeltaRule,1,H200_Server/train,unsupported,TileSim 原生模型：don't support ChunkGatedDeltaRule now,,,"[{""name"": ""query"", ""role"": ""input"", ""shape"": [2048, 4, 128], ""dtype"": ""bf16"", ""expression"": ""[B * S, num_key_heads, key_head_dim]""}, {""name"": ""key"", ""role"": ""input"", ""shape"": [2048, 4, 128], ""dtype"": ""bf16"", ""expression"": ""[B * S, num_key_heads, key_head_dim]""}, {""name"": ""value"", ""role"": ""input"", ""shape"": [2048, 8, 128], ""dtype"": ""bf16"", ""expression"": ""[B * S, num_value_heads, value_head_dim]""}, {""name"": ""beta"", ""role"": ""input"", ""shape"": [2048, 8], ""dtype"": ""bf16"", ""expression"": ""[B * S, num_value_heads]""}, {""name"": ""initial_state"", ""role"": ""input"", ""shape"": [1, 8, 128, 128], ""dtype"": ""bf16"", ""expression"": ""[B, num_value_heads, value_head_dim, key_head_dim]""}, {""name"": ""actual_seq_lengths"", ""role"": ""input"", ""shape"": [1], ""dtype"": ""int32"", ""expression"": ""[B]""}]","{""S"": 2048}",,,a6bcdf14e834006b959474926791abc572c7700bfd72e3ba59f0d8cf9ebebab9,10
tilesim,asset:49,ColumnParallelLinear,49,H200_Server/train,succeeded,,194.40827546296296,184683593728,"[{""name"": ""x"", ""role"": ""input"", ""shape"": [1, 2048, 4096], ""dtype"": ""fp16"", ""expression"": ""[B, S, hidden_size]""}, {""name"": ""weight_shard"", ""role"": ""parameter"", ""shape"": [11008, 4096], ""dtype"": ""fp16"", ""expression"": ""[intermediate_dim, hidden_size]""}]",{},cost-theo,80976cc4aef8c6113e512c92d4d4610285938981d0389a097579b73c8a313ef1,56ea49d8e95020c8b0601a7cc763366667a3e32730a15e6c76ee4fbfb7c500ed,10
tilesim,asset:48,ColumnParallelLinearQuant,48,H200_Server/train,unsupported,TileSim 原生模型：don't support ColumnParallelLinearQuant now,,,"[{""name"": ""x"", ""role"": ""input"", ""shape"": [1, 2048, 4096], ""dtype"": ""fp16"", ""expression"": ""[B, S, hidden_size]""}, {""name"": ""weight_shard"", ""role"": ""parameter"", ""shape"": [11008, 4096], ""dtype"": ""fp16"", ""expression"": ""[intermediate_dim, hidden_size]""}]",{},,,fcabe13e026deab36d06fe5838686daa32841b408ad515f5ea979650260e800a,10
tilesim,asset:57,Compressor,57,H200_Server/train,unsupported,TileSim 原生模型：unsupported operand type(s) for +: 'NoneType' and 'int',,,"[{""name"": ""kv"", ""role"": ""input"", ""shape"": [1, 2048, 4096], ""dtype"": ""fp16"", ""expression"": ""[B, S, hidden_size]""}, {""name"": ""wkv"", ""role"": ""parameter"", ""shape"": [128, 4096], ""dtype"": ""fp16"", ""expression"": ""[head_dim, hidden_size]""}, {""name"": ""wgate"", ""role"": ""parameter"", ""shape"": [128, 4096], ""dtype"": ""fp16"", ""expression"": ""[head_dim, hidden_size]""}, {""name"": ""ape"", ""role"": ""parameter"", ""shape"": [1, 128], ""dtype"": ""fp32"", ""expression"": ""[compress_ratio, head_dim]""}]",{},,,328a98a7e21a948edc58cf2ba187e9927029289672969116d12d410e034c77e6,10
tilesim,asset:14,Cumsum,14,H200_Server/train,succeeded,,232.64081836540706,14336,"[{""name"": ""x"", ""role"": ""input"", ""shape"": [1, 2048, 8], ""dtype"": ""int64"", ""expression"": ""[B, S, top_k]""}, {""name"": ""axis"", ""role"": ""input"", ""shape"": [1], ""dtype"": ""int64"", ""expression"": ""[1]""}]","{""axis"": 2}",cost-engineering,80976cc4aef8c6113e512c92d4d4610285938981d0389a097579b73c8a313ef1,1e6cb0d69843e1214a1c5e88b638c55f396838fd7c7fa9fe2e8c198d8cb8f3f5,10
tilesim,asset:15,DynamicMxQuant,15,H200_Server/train,unsupported,TileSim 不支持该算子/硬件/精度配置，或底层预测未返回有效结果,,,"[{""name"": ""x"", ""role"": ""input"", ""shape"": [2048, 4096], ""dtype"": ""bf16"", ""expression"": ""[B * S, hidden_size]""}]","{""B"": 1, ""S"": 2048}",,,bd9252f6c481e776594abb0402d5d4993a83bcbace657cf77eb2ff181b17b4c9,10
tilesim,asset:75,DynamicQuant,75,H200_Server/train,unsupported,TileSim 原生模型：不支持的算子类型：OpType.DynamicQuant,,,"[{""name"": ""x"", ""role"": ""input"", ""shape"": [1, 2048, 4096], ""dtype"": ""bf16"", ""expression"": ""[B, S, hidden_size]""}]",{},,,fb175b8f65e065590c4a0e9976c4d5a66cf3bdb9501580bae10dc937b347678e,10
tilesim,asset:16,DynamicQuantV2,16,H200_Server/train,unsupported,TileSim 原生模型：不支持的算子类型：OpType.DynamicQuant,,,"[{""name"": ""x"", ""role"": ""input"", ""shape"": [1, 2048, 4096], ""dtype"": ""bf16"", ""expression"": ""[B, S, hidden_size]""}]",{},,,d55ef88f556b385d550f0bf74d5299ffde5ddf12aeb821dd9767bd9e3a4ba873,10
tilesim,asset:45,END,45,H200_Server/train,unsupported,该资产不属于两种方法的单算子建模范围,,,"[{""name"": ""in"", ""role"": ""input"", ""shape"": [1, 2048, 128256], ""dtype"": ""fp16"", ""expression"": ""[B, S, vocab_size]""}]",{},,,86736ea387ea42e00d23d36d8780867620dda23cdbfa92f8c4ca3a638546198a,10
tilesim,asset:41,Embedding,41,H200_Server/train,unsupported,TileSim 原生模型：don't support Embedding now,,,"[{""name"": ""x"", ""role"": ""input"", ""shape"": [1, 2048], ""dtype"": ""int64"", ""expression"": ""[B, S]""}, {""name"": ""indices"", ""role"": ""input"", ""shape"": [1, 2048], ""dtype"": ""int64"", ""expression"": ""[B, S]""}]","{""hidden_size"": 4096}",,,e54d2c9e44979c5ed53c89abfb9836f54a605dcbe6e7f844c5f83a6ba7c67605,10
tilesim,asset:42,EngramGate,42,H200_Server/train,unsupported,TileSim 原生模型：don't support EngramGate now,,,"[{""name"": ""l1_lookup_reduced"", ""role"": ""input"", ""shape"": [1, 2048, 24, 256], ""dtype"": ""bf16"", ""expression"": ""[B, S, (engram_max_ngram_size - 1) * engram_n_heads, engram_head_dim]""}, {""name"": ""l0_ffn_state"", ""role"": ""input"", ""shape"": [1, 2048, 4, 4096], ""dtype"": ""bf16"", ""expression"": ""[B, S, hc_mult, hidden_size]""}, {""name"": ""wkv"", ""role"": ""parameter"", ""shape"": [20480, 6144], ""dtype"": ""fp8"", ""expression"": ""[(hc_mult + 1) * hidden_size, (engram_max_ngram_size - 1) * engram_n_heads * engram_head_dim]""}, {""name"": ""q_weight"", ""role"": ""parameter"", ""shape"": [4, 4096], ""dtype"": ""bf16"", ""expression"": ""[hc_mult, hidden_size]""}, {""name"": ""k_weight"", ""role"": ""parameter"", ""shape"": [4, 4096], ""dtype"": ""bf16"", ""expression"": ""[hc_mult, hidden_size]""}]","{""engram_max_ngram_size"": 4, ""engram_n_heads"": 8}",,,eb9cf171071bc69ab31fd95c1f3e4df26f3eccb76f962c7fe874169fe9badec9,10
tilesim,asset:43,EngramLookup,43,H200_Server/train,unsupported,TileSim 原生模型：don't support EngramLookup now,,,"[{""name"": ""token_ids"", ""role"": ""input"", ""shape"": [1, 2048], ""dtype"": ""int64"", ""expression"": ""[B, S]""}, {""name"": ""weight"", ""role"": ""parameter"", ""shape"": [4096, 256], ""dtype"": ""fp8"", ""expression"": ""[engram_num_embeddings[0] + 0, engram_head_dim]""}, {""name"": ""scale"", ""role"": ""parameter"", ""shape"": [4096, 8], ""dtype"": ""int8"", ""expression"": ""[engram_num_embeddings[0] + 0, engram_head_dim // 32]""}]","{""engram_max_ngram_size"": 4, ""engram_n_heads"": 8, ""engram_num_embeddings"": [4096, 4096]}",,,0966ebeb5456b96be9001362ff10207c92c11205beda6b1c52b9c061d7e1b14d,10
tilesim,asset:44,EngramPrefetch,44,H200_Server/train,unsupported,TileSim 原生模型：don't support EngramPrefetch now,,,"[{""name"": ""token_ids"", ""role"": ""input"", ""shape"": [1, 2048], ""dtype"": ""int64"", ""expression"": ""[B, S]""}]",{},,,ca88ab2595c4017ec55025240556e59326293cc9160b4fc5d63a2f2ae70138e7,10
tilesim,asset:2,FlashAttentionScore,2,H200_Server/train,unsupported,TileSim 原生模型：[TheoOp.<function BasicOperator.op_name at 0x10aaff2e0>]: outputs len must be 1,,,"[{""name"": ""query"", ""role"": ""input"", ""shape"": [1, 32, 2048, 192], ""dtype"": ""bf16"", ""expression"": ""[B, num_attention_heads // tp_size, S, qk_head_dim]""}, {""name"": ""key"", ""role"": ""input"", ""shape"": [1, 32, 2048, 192], ""dtype"": ""bf16"", ""expression"": ""[B, num_attention_heads // tp_size, seq_len, qk_head_dim]""}, {""name"": ""value"", ""role"": ""input"", ""shape"": [1, 32, 2048, 128], ""dtype"": ""bf16"", ""expression"": ""[B, num_attention_heads // tp_size, seq_len, qk_nope_head_dim]""}]","{""num_attention_heads"": 32, ""tp_size"": 1}",,,68f9c923dbb23002a43088380d0e7dba1c5085558ae0009da4b71592ffcd31d3,10
tilesim,asset:17,FusedGdnGating,17,H200_Server/train,unsupported,TileSim 原生模型：don't support FusedGdnGating now,,,"[{""name"": ""a_log"", ""role"": ""input"", ""shape"": [8], ""dtype"": ""bf16"", ""expression"": ""[num_heads]""}, {""name"": ""a"", ""role"": ""input"", ""shape"": [2048, 8], ""dtype"": ""bf16"", ""expression"": ""[B * S, num_heads]""}, {""name"": ""b"", ""role"": ""input"", ""shape"": [2048, 8], ""dtype"": ""bf16"", ""expression"": ""[B * S, num_heads]""}, {""name"": ""dt_bias"", ""role"": ""input"", ""shape"": [8], ""dtype"": ""bf16"", ""expression"": ""[num_heads]""}]","{""B"": 1, ""S"": 2048}",,,4a0fcc9d9b7e49116390e0f26ffd982c6db4cff557a6d762620583e0f8337d79,10
tilesim,asset:3,FusedInferAttentionScore,3,H200_Server/train,unsupported,TileSim 原生模型：不支持的算子类型：OpType.FusedInferAttentionScore,,,"[{""name"": ""query"", ""role"": ""input"", ""shape"": [1, 32, 2048, 192], ""dtype"": ""bf16"", ""expression"": ""[B, num_attention_heads // tp_size, S, qk_head_dim]""}, {""name"": ""key"", ""role"": ""input"", ""shape"": [1, 8, 2048, 192], ""dtype"": ""bf16"", ""expression"": ""[B, num_key_value_heads // tp_size, kv_len, qk_head_dim]""}, {""name"": ""value"", ""role"": ""input"", ""shape"": [1, 8, 2048, 128], ""dtype"": ""bf16"", ""expression"": ""[B, num_key_value_heads // tp_size, kv_len, qk_nope_head_dim]""}, {""name"": ""pse_shift"", ""role"": ""input"", ""shape"": [1, 32, 2048, 2048], ""dtype"": ""bf16"", ""expression"": ""[B, num_attention_heads // tp_size, S, kv_len]""}, {""name"": ""atten_mask"", ""role"": ""input"", ""shape"": [2048, 2048], ""dtype"": ""bool"", ""expression"": ""[2048, 2048]""}, {""name"": ""actual_seq_lengths"", ""role"": ""input"", ""shape"": [1], ""dtype"": ""int64"", ""expression"": ""[B]""}, {""name"": ""actual_seq_lengths_kv"", ""role"": ""input"", ""shape"": [1], ""dtype"": ""int64"", ""expression"": ""[B]""}, {""name"": ""dequant_scale1"", ""role"": ""input"", ""shape"": [1, 32, 2048, 1], ""dtype"": ""fp32"", ""expression"": ""[B, num_attention_heads // tp_size, S, 1]""}, {""name"": ""quant_scale1"", ""role"": ""input"", ""shape"": [1, 32, 2048, 1], ""dtype"": ""fp32"", ""expression"": ""[B, num_attention_heads // tp_size, S, 1]""}, {""name"": ""dequant_scale2"", ""role"": ""input"", ""shape"": [1, 32, 2048, 1], ""dtype"": ""fp32"", ""expression"": ""[B, num_attention_heads // tp_size, S, 1]""}, {""name"": ""quant_scale2"", ""role"": ""input"", ""shape"": [1, 32, 2048, 1], ""dtype"": ""fp32"", ""expression"": ""[B, num_attention_heads // tp_size, S, 1]""}, {""name"": ""quant_offset2"", ""role"": ""input"", ""shape"": [1, 32, 2048, 1], ""dtype"": ""fp32"", ""expression"": ""[B, num_attention_heads // tp_size, S, 1]""}, {""name"": ""antiquant_scale"", ""role"": ""input"", ""shape"": [1, 8, 2048, 1], ""dtype"": ""bf16"", ""expression"": ""[B, num_key_value_heads // tp_size, kv_len, 1]""}, {""name"": ""antiquant_offset"", ""role"": ""input"", ""shape"": [1, 8, 2048, 1], ""dtype"": ""bf16"", ""expression"": ""[B, num_key_value_heads // tp_size, kv_len, 1]""}, {""name"": ""block_table"", ""role"": ""input"", ""shape"": [1, 8], ""dtype"": ""int32"", ""expression"": ""[B, max_num_blocks]""}, {""name"": ""query_padding_size"", ""role"": ""input"", ""shape"": [1], ""dtype"": ""int64"", ""expression"": ""[B]""}, {""name"": ""kv_padding_size"", ""role"": ""input"", ""shape"": [1], ""dtype"": ""int64"", ""expression"": ""[B]""}, {""name"": ""key_antiquant_scale"", ""role"": ""input"", ""shape"": [1, 8, 2048, 1], ""dtype"": ""bf16"", ""expression"": ""[B, num_key_value_heads // tp_size, kv_len, 1]""}, {""name"": ""key_antiquant_offset"", ""role"": ""input"", ""shape"": [1, 8, 2048, 1], ""dtype"": ""bf16"", ""expression"": ""[B, num_key_value_heads // tp_size, kv_len, 1]""}, {""name"": ""value_antiquant_scale"", ""role"": ""input"", ""shape"": [1, 8, 2048, 1], ""dtype"": ""bf16"", ""expression"": ""[B, num_key_value_heads // tp_size, kv_len, 1]""}, {""name"": ""value_antiquant_offset"", ""role"": ""input"", ""shape"": [1, 8, 2048, 1], ""dtype"": ""bf16"", ""expression"": ""[B, num_key_value_heads // tp_size, kv_len, 1]""}, {""name"": ""key_shared_prefix"", ""role"": ""input"", ""shape"": [1, 8, 2048, 192], ""dtype"": ""bf16"", ""expression"": ""[B, num_key_value_heads // tp_size, kv_len, qk_head_dim]""}, {""name"": ""value_shared_prefix"", ""role"": ""input"", ""shape"": [1, 8, 2048, 128], ""dtype"": ""bf16"", ""expression"": ""[B, num_key_value_heads // tp_size, kv_len, qk_nope_head_dim]""}, {""name"": ""actual_shared_prefix_len"", ""role"": ""input"", ""shape"": [1], ""dtype"": ""int64"", ""expression"": ""[B]""}, {""name"": ""query_rope"", ""role"": ""input"", ""shape"": [1, 32, 2048, 64], ""dtype"": ""bf16"", ""expression"": ""[B, num_attention_heads // tp_size, S, qk_rope_head_dim]""}, {""name"": ""key_rope"", ""role"": ""input"", ""shape"": [1, 8, 2048, 64], ""dtype"": ""bf16"", ""expression"": ""[B, num_key_value_heads // tp_size, kv_len, qk_rope_head_dim]""}, {""name"": ""key_rope_antiquant_scale"", ""role"": ""input"", ""shape"": [1, 8, 2048, 1], ""dtype"": ""bf16"", ""expression"": ""[B, num_key_value_heads // tp_size, kv_len, 1]""}, {""name"": ""dequant_scale_query"", ""role"": ""input"", ""shape"": [1, 32, 2048, 1], ""dtype"": ""fp32"", ""expression"": ""[B, num_attention_heads // tp_size, S, 1]""}, {""name"": ""learnable_sink"", ""role"": ""input"", ""shape"": [32], ""dtype"": ""bf16"", ""expression"": ""[num_attention_heads // tp_size]""}, {""name"": ""q_start_idx"", ""role"": ""input"", ""shape"": [1], ""dtype"": ""int64"", ""expression"": ""[1]""}, {""name"": ""kv_start_idx"", ""role"": ""input"", ""shape"": [1], ""dtype"": ""int64"", ""expression"": ""[1]""}]","{""num_attention_heads"": 32, ""num_key_value_heads"": 8, ""tp_size"": 1}",,,01772cfa665b7d9d8ca50972858083d2ea90204608a58fb75bf741b43d5398c5,10
tilesim,asset:47,GatedResidual,47,H200_Server/train,unsupported,TileSim 原生模型：don't support GatedResidual now,,,"[{""name"": ""hyper_state"", ""role"": ""input"", ""shape"": [1, 2048, 16384], ""dtype"": ""bf16"", ""expression"": ""[B, S, hc_count * hidden_size]""}, {""name"": ""block_output"", ""role"": ""input"", ""shape"": [1, 2048, 4096], ""dtype"": ""bf16"", ""expression"": ""[B, S, hidden_size]""}, {""name"": ""norm_scale"", ""role"": ""parameter"", ""shape"": [16384], ""dtype"": ""bf16"", ""expression"": ""[hc_count * hidden_size]""}, {""name"": ""down_inject_weight"", ""role"": ""parameter"", ""shape"": [324, 16384], ""dtype"": ""bf16"", ""expression"": ""[hc_lowrank + hc_count, hc_count * hidden_size]""}, {""name"": ""up_weight"", ""role"": ""parameter"", ""shape"": [16384, 320], ""dtype"": ""bf16"", ""expression"": ""[hc_count * hidden_size, hc_lowrank]""}]","{""hc_count"": 4}",,,6305843167d6285dd55ccdaff09477d633ed1a703734f56e17bb4b2fa85c14c0,10
tilesim,asset:18,GatherV2,18,H200_Server/train,succeeded,,2159.7424918227775,0,"[{""name"": ""x"", ""role"": ""input"", ""shape"": [128256, 4096], ""dtype"": ""bf16"", ""expression"": ""[vocab_size, hidden_size]""}, {""name"": ""indices"", ""role"": ""input"", ""shape"": [1, 2048], ""dtype"": ""int64"", ""expression"": ""[B, S]""}, {""name"": ""axis"", ""role"": ""input"", ""shape"": [1], ""dtype"": ""int64"", ""expression"": ""[1]""}]","{""axis"": 0}",cost-engineering,80976cc4aef8c6113e512c92d4d4610285938981d0389a097579b73c8a313ef1,8f3422c76f0291e5dc0ba381bab9a490659a8248303cd43e3ff508877d9376f2,10
tilesim,asset:19,GemmaRmsNorm,19,H200_Server/train,unsupported,TileSim 原生模型：don't support GemmaRmsNorm now,,,"[{""name"": ""x"", ""role"": ""input"", ""shape"": [2048, 4096], ""dtype"": ""bf16"", ""expression"": ""[B * S, hidden_size]""}, {""name"": ""gamma"", ""role"": ""parameter"", ""shape"": [4096], ""dtype"": ""bf16"", ""expression"": ""[hidden_size]""}]","{""B"": 1, ""S"": 2048}",,,10ab39e89d0f7792f9b07718a57aea7abc118e65cac01e99c83c4379d4a60e9f,10
tilesim,asset:50,GroupMatMul,50,H200_Server/train,unsupported,TileSim 原生模型：don't support GroupMatMul now,,,"[{""name"": ""x"", ""role"": ""input"", ""shape"": [1, 2048, 4096], ""dtype"": ""fp16"", ""expression"": ""[B, S, hidden_size]""}, {""name"": ""weight"", ""role"": ""parameter"", ""shape"": [1, 2816, 4096], ""dtype"": ""fp16"", ""expression"": ""[expert_groups, 2 * moe_intermediate_size, hidden_size]""}]","{""moe_intermediate_size"": 1408}",,,dab2c76487ba1a19b758869a898957a93624da941ac715dcfafad3dce237234f,10
tilesim,asset:29,GroupedMatmul,29,H200_Server/train,unsupported,TileSim 原生模型：不支持的算子类型：OpType.GroupedMatmul,,,"[{""name"": ""x"", ""role"": ""input"", ""shape"": [2048, 4096], ""dtype"": ""bf16"", ""expression"": ""[B * S, hidden_size]""}, {""name"": ""weight"", ""role"": ""input"", ""shape"": [1, 4096, 1408], ""dtype"": ""bf16"", ""expression"": ""[expert_groups, hidden_size, moe_intermediate_size]""}, {""name"": ""bias"", ""role"": ""input"", ""shape"": [1, 1408], ""dtype"": ""bf16"", ""expression"": ""[expert_groups, moe_intermediate_size]""}, {""name"": ""scale"", ""role"": ""input"", ""shape"": [1], ""dtype"": ""uint64"", ""expression"": ""[expert_groups]""}, {""name"": ""offset"", ""role"": ""input"", ""shape"": [1], ""dtype"": ""fp32"", ""expression"": ""[expert_groups]""}, {""name"": ""antiquant_scale"", ""role"": ""input"", ""shape"": [1, 1408], ""dtype"": ""fp16"", ""expression"": ""[expert_groups, moe_intermediate_size]""}, {""name"": ""antiquant_offset"", ""role"": ""input"", ""shape"": [1, 1408], ""dtype"": ""fp16"", ""expression"": ""[expert_groups, moe_intermediate_size]""}, {""name"": ""group_list"", ""role"": ""input"", ""shape"": [1], ""dtype"": ""int64"", ""expression"": ""[expert_groups]""}, {""name"": ""per_token_scale"", ""role"": ""input"", ""shape"": [2048], ""dtype"": ""fp32"", ""expression"": ""[B * S]""}]","{""B"": 1, ""S"": 2048}",,,3ad65bb6688061852f62db3ccf01ae1f5ce47cb5de3168c8404dff70d59e9acc,10
tilesim,asset:30,GroupedMatmulSwigluQuantV2,30,H200_Server/train,unsupported,TileSim 不支持该算子/硬件/精度配置，或底层预测未返回有效结果,,,"[{""name"": ""x"", ""role"": ""input"", ""shape"": [2048, 4096], ""dtype"": ""fp8"", ""expression"": ""[B * S, hidden_size]""}, {""name"": ""x_scale"", ""role"": ""input"", ""shape"": [2048, 64, 2], ""dtype"": ""fp32"", ""expression"": ""[B * S, (hidden_size + 63) // 64, 2]""}, {""name"": ""group_list"", ""role"": ""input"", ""shape"": [1], ""dtype"": ""int64"", ""expression"": ""[expert_groups]""}, {""name"": ""weight"", ""role"": ""parameter"", ""shape"": [1, 2816, 4096], ""dtype"": ""fp8"", ""expression"": ""[expert_groups, 2 * moe_intermediate_size, hidden_size]""}, {""name"": ""weight_scale"", ""role"": ""parameter"", ""shape"": [1, 2816, 64, 2], ""dtype"": ""fp32"", ""expression"": ""[expert_groups, 2 * moe_intermediate_size, (hidden_size + 63) // 64, 2]""}, {""name"": ""weight_assist_matrix"", ""role"": ""parameter"", ""shape"": [1, 2816], ""dtype"": ""fp32"", ""expression"": ""[expert_groups, 2 * moe_intermediate_size]""}]","{""B"": 1, ""S"": 2048, ""moe_intermediate_size"": 1408}",,,619f55a0b193df55772f6e566d03d4ddde19d25d92020ae405ef5530dffff8a8,10
tilesim,asset:58,IndexCompressorEpilog,58,H200_Server/train,unsupported,TileSim 原生模型：don't support IndexCompressorEpilog now,,,"[{""name"": ""compressed_idx"", ""role"": ""input"", ""shape"": [1, 2048, 128], ""dtype"": ""fp16"", ""expression"": ""[B, S // compress_ratio, index_head_dim]""}]","{""S"": 2048, ""compress_ratio"": 1}",,,eb2791003a25091adbb133f68d014ead8726562e818bcc499882b103d7fc598d,10
tilesim,asset:59,IndexPrologV4,59,H200_Server/train,unsupported,TileSim 原生模型：don't support IndexPrologV4 now,,,"[{""name"": ""x"", ""role"": ""input"", ""shape"": [1, 2048, 4096], ""dtype"": ""fp16"", ""expression"": ""[B, S, hidden_size]""}, {""name"": ""qr"", ""role"": ""input"", ""shape"": [1, 2048, 1536], ""dtype"": ""fp8"", ""expression"": ""[B, S, q_lora_rank]""}, {""name"": ""weight_proj"", ""role"": ""parameter"", ""shape"": [32, 4096], ""dtype"": ""bf16"", ""expression"": ""[index_n_heads, hidden_size]""}, {""name"": ""q_b"", ""role"": ""parameter"", ""shape"": [4096, 1536], ""dtype"": ""fp8"", ""expression"": ""[index_n_heads * index_head_dim, q_lora_rank]""}]","{""index_head_dim"": 128}",,,ca9f62527a2669f8a6c9f8d7f863bf5ac9aa245ae6fc7a6a0814e7c15df47095,10
tilesim,asset:60,KVCompressorEpilog,60,H200_Server/train,unsupported,TileSim 原生模型：don't support KVCompressorEpilog now,,,"[{""name"": ""kv"", ""role"": ""input"", ""shape"": [1, 2048, 128], ""dtype"": ""fp16"", ""expression"": ""[B, S // compress_ratio, head_dim]""}]","{""S"": 2048, ""compress_ratio"": 1}",,,82e7794d51f45e992a02e00cd612b8a1933239d0b17715d40ea6fe58f214b03f,10
tilesim,asset:4,KvQuantSparseFlashAttention,4,H200_Server/train,unsupported,TileSim 不支持该算子/硬件/精度配置，或底层预测未返回有效结果,,,"[{""name"": ""query"", ""role"": ""input"", ""shape"": [1, 2048, 32, 576], ""dtype"": ""bf16"", ""expression"": ""[B, S, num_attention_heads // tp_size, kv_lora_rank + qk_rope_head_dim]""}, {""name"": ""key"", ""role"": ""input"", ""shape"": [1, 2048, 1, 576], ""dtype"": ""fp8"", ""expression"": ""[B, seq_len, 1, kv_lora_rank + qk_rope_head_dim]""}, {""name"": ""value"", ""role"": ""input"", ""shape"": [1, 2048, 1, 512], ""dtype"": ""fp8"", ""expression"": ""[B, seq_len, 1, kv_lora_rank]""}, {""name"": ""sparse_indices"", ""role"": ""input"", ""shape"": [1, 2048, 512], ""dtype"": ""int32"", ""expression"": ""[B, S, index_topk]""}]","{""num_attention_heads"": 32, ""qk_rope_head_dim"": 64, ""tp_size"": 1}",,,291ac3ede9665265b60a876d24be0a1f95e2ea0610f0d18f54d8626a4d0faaf4,10
tilesim,asset:20,LayerNormV4,20,H200_Server/train,unsupported,TileSim 原生模型：[TheoOp.<function BasicOperator.op_name at 0x10aaff2e0>]: inputs len must be 3,,,"[{""name"": ""x"", ""role"": ""input"", ""shape"": [1, 2048, 128], ""dtype"": ""fp32"", ""expression"": ""[B, S, index_head_dim]""}, {""name"": ""normalized_shape"", ""role"": ""input"", ""shape"": [1], ""dtype"": ""int64"", ""expression"": ""[1]""}]",{},,,a624230738b445ff49ef8be84428f0fc0ab6e4bf5e0a758c7520f81b00bca7d4,10
tilesim,asset:63,LightningIndexer,63,H200_Server/train,unsupported,TileSim 原生模型：LightningIndexer input size must be 6,,,"[{""name"": ""query"", ""role"": ""input"", ""shape"": [1, 2048, 32, 128], ""dtype"": ""fp8"", ""expression"": ""[B, S, index_n_heads, index_head_dim]""}, {""name"": ""key"", ""role"": ""input"", ""shape"": [1, 2048, 128], ""dtype"": ""fp8"", ""expression"": ""[B, seq_len // compress_ratio, index_head_dim]""}, {""name"": ""weights"", ""role"": ""input"", ""shape"": [1, 2048, 32], ""dtype"": ""bf16"", ""expression"": ""[B, S, index_n_heads]""}]","{""compress_ratio"": 1, ""seq_len"": 2048}",,,38092084a0ce74fe65b71fe960641f22593b733b1deb0eeb031c949d1d136df0,10
tilesim,asset:51,Linear,51,H200_Server/train,unsupported,"TileSim 原生模型：<DType.BF16: (2, 'BF16')>",,,"[{""name"": ""x"", ""role"": ""input"", ""shape"": [1, 2048, 4096], ""dtype"": ""bf16"", ""expression"": ""[B, S, hidden_size]""}, {""name"": ""weight"", ""role"": ""parameter"", ""shape"": [4096, 4096], ""dtype"": ""bf16"", ""expression"": ""[hidden_size, hidden_size]""}]",{},,,b2a8585de56036d9f3b33e3449ec4cdbada7467c51e8b4ce6e20a53823ad30e2,10
tilesim,asset:54,MHCHead,54,H200_Server/train,unsupported,TileSim 原生模型：don't support MHCHead now,,,"[{""name"": ""x"", ""role"": ""input"", ""shape"": [1, 2048, 4, 4096], ""dtype"": ""bf16"", ""expression"": ""[B, S, hc_mult, hidden_size]""}, {""name"": ""hc_head_fn"", ""role"": ""parameter"", ""shape"": [4, 16384], ""dtype"": ""fp32"", ""expression"": ""[hc_mult, hc_mult * hidden_size]""}]",{},,,3e3c38180f761babeaf26a1affecadcf9d32c10d996c8b7b815d903949b31636,10
tilesim,asset:55,MHCPost,55,H200_Server/train,unsupported,TileSim 原生模型：don't support MHCPost now,,,"[{""name"": ""x"", ""role"": ""input"", ""shape"": [1, 2048, 4096], ""dtype"": ""bf16"", ""expression"": ""[B, S, hidden_size]""}, {""name"": ""residual"", ""role"": ""input"", ""shape"": [1, 2048, 4, 4096], ""dtype"": ""bf16"", ""expression"": ""[B, S, hc_mult, hidden_size]""}, {""name"": ""post"", ""role"": ""input"", ""shape"": [1, 2048, 4], ""dtype"": ""fp32"", ""expression"": ""[B, S, hc_mult]""}, {""name"": ""comb"", ""role"": ""input"", ""shape"": [1, 2048, 4, 4], ""dtype"": ""fp32"", ""expression"": ""[B, S, hc_mult, hc_mult]""}]",{},,,8321c47cd3099b1858855e0d730274e656ac9322cd229d7b0daaa3f7520b00aa,10
tilesim,asset:56,MHCPre,56,H200_Server/train,unsupported,TileSim 原生模型：don't support MHCPre now,,,"[{""name"": ""x"", ""role"": ""input"", ""shape"": [1, 2048, 4, 4096], ""dtype"": ""bf16"", ""expression"": ""[B, S, hc_mult, hidden_size]""}, {""name"": ""hc_fn"", ""role"": ""parameter"", ""shape"": [24, 16384], ""dtype"": ""fp32"", ""expression"": ""[(2+hc_mult)*hc_mult, hc_mult * hidden_size]""}]",{},,,21af6dbe5adcee8e3e191b4d6d2902f93a54d830c1612d40c8a5057c835e1700,10
tilesim,asset:61,MLAEpilogV4,61,H200_Server/train,unsupported,TileSim 原生模型：don't support MLAEpilogV4 now,,,"[{""name"": ""attn_out"", ""role"": ""input"", ""shape"": [1, 2048, 1, 4096], ""dtype"": ""fp16"", ""expression"": ""[B, S, o_groups, num_attention_heads * head_dim // o_groups]""}, {""name"": ""wo_a"", ""role"": ""parameter"", ""shape"": [1536, 4096], ""dtype"": ""fp16"", ""expression"": ""[o_groups * o_lora_rank // o_tp_size, num_attention_heads * head_dim // o_groups]""}, {""name"": ""wo_b"", ""role"": ""parameter"", ""shape"": [4096, 1536], ""dtype"": ""fp8"", ""expression"": ""[hidden_size, o_groups * o_lora_rank // o_tp_size]""}]","{""head_dim"": 128, ""num_attention_heads"": 32, ""o_lora_rank"": 1536, ""o_tp_size"": 1}",,,716a6f82988538edf3483487e5f8bef278aeb3aa9a33ca033dd9322935cc0dda,10
tilesim,asset:62,MLAPrologV4,62,H200_Server/train,unsupported,TileSim 原生模型：don't support MLAPrologV4 now,,,"[{""name"": ""x"", ""role"": ""input"", ""shape"": [1, 2048, 4096], ""dtype"": ""fp16"", ""expression"": ""[B, S, hidden_size]""}, {""name"": ""wq_a"", ""role"": ""parameter"", ""shape"": [1536, 4096], ""dtype"": ""fp16"", ""expression"": ""[q_lora_rank, hidden_size]""}, {""name"": ""wq_b"", ""role"": ""parameter"", ""shape"": [4096, 1536], ""dtype"": ""int8"", ""expression"": ""[num_attention_heads // tp_size * head_dim, q_lora_rank]""}, {""name"": ""wkv"", ""role"": ""parameter"", ""shape"": [128, 4096], ""dtype"": ""fp16"", ""expression"": ""[head_dim, hidden_size]""}]","{""num_attention_heads"": 32, ""tp_size"": 1}",,,338cf7592ca89381e95b0931b07a93436e9abc0709765d736bef6b5773c0513d,10
tilesim,asset:52,MatMul,52,H200_Server/train,unsupported,"TileSim 原生模型：<DType.BF16: (2, 'BF16')>",,,"[{""name"": ""x"", ""role"": ""input"", ""shape"": [1, 2048, 4096], ""dtype"": ""bf16"", ""expression"": ""[B, S, hidden_size]""}, {""name"": ""weight"", ""role"": ""parameter"", ""shape"": [11008, 4096], ""dtype"": ""bf16"", ""expression"": ""[intermediate_size, hidden_size]""}]",{},,,ec1df0d3e51119ea7b489427cf39d102c8e5be2b72d0f7fc8944630ee78d4c25,10
tilesim,asset:7,MatMulV3,7,H200_Server/train,unsupported,"TileSim 原生模型：<DType.BF16: (2, 'BF16')>",,,"[{""name"": ""x1"", ""role"": ""input"", ""shape"": [2048, 4096], ""dtype"": ""bf16"", ""expression"": ""[B * S, hidden_size]""}, {""name"": ""x2"", ""role"": ""parameter"", ""shape"": [11008, 4096], ""dtype"": ""bf16"", ""expression"": ""[intermediate_size, hidden_size]""}]","{""B"": 1, ""S"": 2048}",,,3950c99fca9d71c29179f0a371e91e98afc05c3c1e7361bb28e97e5c9d6d920c,10
tilesim,asset:31,MlaPrologV3,31,H200_Server/train,unsupported,TileSim 不支持该算子/硬件/精度配置，或底层预测未返回有效结果,,,"[{""name"": ""token_x"", ""role"": ""input"", ""shape"": [1, 2048, 4096], ""dtype"": ""bf16"", ""expression"": ""[B, S, hidden_size]""}, {""name"": ""weight_dq"", ""role"": ""input"", ""shape"": [4096, 1536], ""dtype"": ""bf16"", ""expression"": ""[hidden_size, q_lora_rank]""}, {""name"": ""weight_uq_qr"", ""role"": ""input"", ""shape"": [1536, 18432], ""dtype"": ""bf16"", ""expression"": ""[q_lora_rank, num_attention_heads // tp_size * (kv_lora_rank + qk_rope_head_dim)]""}, {""name"": ""weight_uk"", ""role"": ""input"", ""shape"": [32, 128, 512], ""dtype"": ""bf16"", ""expression"": ""[num_attention_heads // tp_size, qk_nope_head_dim, kv_lora_rank]""}, {""name"": ""weight_dkv_kr"", ""role"": ""input"", ""shape"": [4096, 576], ""dtype"": ""bf16"", ""expression"": ""[hidden_size, kv_lora_rank + qk_rope_head_dim]""}, {""name"": ""rmsnorm_gamma_cq"", ""role"": ""input"", ""shape"": [1536], ""dtype"": ""bf16"", ""expression"": ""[q_lora_rank]""}, {""name"": ""rmsnorm_gamma_ckv"", ""role"": ""input"", ""shape"": [512], ""dtype"": ""bf16"", ""expression"": ""[kv_lora_rank]""}, {""name"": ""rope_sin"", ""role"": ""input"", ""shape"": [1, 2048, 64], ""dtype"": ""bf16"", ""expression"": ""[B, S, qk_rope_head_dim]""}, {""name"": ""rope_cos"", ""role"": ""input"", ""shape"": [1, 2048, 64], ""dtype"": ""bf16"", ""expression"": ""[B, S, qk_rope_head_dim]""}, {""name"": ""kv_cache"", ""role"": ""input"", ""shape"": [1, 1, 2048, 512], ""dtype"": ""bf16"", ""expression"": ""[B, 1, seq_len, kv_lora_rank]""}, {""name"": ""kr_cache"", ""role"": ""input"", ""shape"": [1, 1, 2048, 64], ""dtype"": ""bf16"", ""expression"": ""[B, 1, seq_len, qk_rope_head_dim]""}]","{""num_attention_heads"": 32, ""tp_size"": 1}",,,8503ac926c7efa8ccb28350d52f73ead7cb5340ff2cea95b2cf95b520ed3269d,10
tilesim,asset:39,MoECombine,39,H200_Server/train,unsupported,TileSim 原生模型：don't support MoECombine now,,,"[{""name"": ""expert_out"", ""role"": ""input"", ""shape"": [8, 1, 2048, 4096], ""dtype"": ""bf16"", ""expression"": ""[top_k, B, S, hidden_size]""}, {""name"": ""expert_ids"", ""role"": ""input"", ""shape"": [1, 2048, 8], ""dtype"": ""int32"", ""expression"": ""[B, S, top_k]""}]",{},,,3cfd5d31d22468bcade6a90448d8bbc000c4b89b79181cde5818ac8c238e74ef,10
tilesim,asset:40,MoEDispatch,40,H200_Server/train,unsupported,TileSim 原生模型：don't support MoEDispatch now,,,"[{""name"": ""x"", ""role"": ""input"", ""shape"": [1, 2048, 4096], ""dtype"": ""bf16"", ""expression"": ""[B, S, hidden_size]""}, {""name"": ""expert_ids"", ""role"": ""input"", ""shape"": [1, 2048, 8], ""dtype"": ""int32"", ""expression"": ""[B, S, top_k]""}]",{},,,e675dcfdd4db342c7fc8882ea594877455fd1495e29ad3206512ad4a35ffd0c6,10
tilesim,asset:64,MoEGate,64,H200_Server/train,unsupported,TileSim 原生模型：don't support MoEGate now,,,"[{""name"": ""x"", ""role"": ""input"", ""shape"": [1, 2048, 4096], ""dtype"": ""fp16"", ""expression"": ""[B, S, hidden_size]""}, {""name"": ""gate_weight"", ""role"": ""parameter"", ""shape"": [64, 4096], ""dtype"": ""fp32"", ""expression"": ""[num_experts, hidden_size]""}]",{},,,3a38848ecc017db35fc3d862c8146626b6c3af3aabd42009d66eb3cc870d7d99,10
tilesim,asset:65,MoEGateHashTopK,65,H200_Server/train,unsupported,TileSim 原生模型：don't support MoEGateHashTopK now,,,"[{""name"": ""x"", ""role"": ""input"", ""shape"": [1, 2048, 4096], ""dtype"": ""fp16"", ""expression"": ""[B, S, hidden_size]""}, {""name"": ""token_ids"", ""role"": ""input"", ""shape"": [1, 2048], ""dtype"": ""int64"", ""expression"": ""[B, S]""}, {""name"": ""gate_weight"", ""role"": ""parameter"", ""shape"": [64, 4096], ""dtype"": ""fp32"", ""expression"": ""[num_experts, hidden_size]""}]","{""top_k"": 8}",,,5878f9b6c1159280c504037e712e19d0f41d4cc3673f48881031a926f68acfbd,10
tilesim,asset:66,MoEGateTopK,66,H200_Server/train,unsupported,TileSim 原生模型：don't support MoEGateTopK now,,,"[{""name"": ""x"", ""role"": ""input"", ""shape"": [1, 2048, 4096], ""dtype"": ""fp16"", ""expression"": ""[B, S, hidden_size]""}, {""name"": ""gate_weight"", ""role"": ""parameter"", ""shape"": [64, 4096], ""dtype"": ""fp32"", ""expression"": ""[num_experts, hidden_size]""}]","{""top_k"": 8}",,,e0732e4b1066ca0072b1f7b2ae61c42223f3d66f6c7164c3e603a1812cec78bf,10
tilesim,asset:67,MoETopK,67,H200_Server/train,unsupported,TileSim 原生模型：don't support MoETopK now,,,"[{""name"": ""scores"", ""role"": ""input"", ""shape"": [1, 2048, 64], ""dtype"": ""fp16"", ""expression"": ""[B, S, num_experts]""}]","{""top_k"": 8}",,,1f2ae82b9b02c1f7c9835783bc1fa58f39724160247520e03d01704f54233eba,10
tilesim,asset:34,MoeDistributeCombineV3,34,H200_Server/train,unsupported,TileSim 原生模型：don't support MoeDistributeCombineV3 now,,,"[{""name"": ""context"", ""role"": ""input"", ""shape"": [1], ""dtype"": ""int64"", ""expression"": ""[1]""}, {""name"": ""expand_x"", ""role"": ""input"", ""shape"": [8, 1, 2048, 4096], ""dtype"": ""bf16"", ""expression"": ""[top_k, B, S, hidden_size]""}, {""name"": ""expert_ids"", ""role"": ""input"", ""shape"": [1, 2048, 8], ""dtype"": ""int32"", ""expression"": ""[B, S, top_k]""}, {""name"": ""assist_info_for_combine"", ""role"": ""input"", ""shape"": [1, 2048, 8], ""dtype"": ""int32"", ""expression"": ""[B, S, top_k]""}, {""name"": ""ep_send_counts"", ""role"": ""input"", ""shape"": [1], ""dtype"": ""int32"", ""expression"": ""[ep_size]""}, {""name"": ""expert_scales"", ""role"": ""input"", ""shape"": [1, 2048, 8], ""dtype"": ""fp32"", ""expression"": ""[B, S, top_k]""}]",{},,,3ebcde675a804bc3ac985c3bd0ac39632b0bde491ef38e4c625cc685a55aa5f2,10
tilesim,asset:35,MoeDistributeDispatchV3,35,H200_Server/train,unsupported,TileSim 原生模型：don't support MoeDistributeDispatchV3 now,,,"[{""name"": ""context"", ""role"": ""input"", ""shape"": [1], ""dtype"": ""int64"", ""expression"": ""[1]""}, {""name"": ""x"", ""role"": ""input"", ""shape"": [1, 2048, 4096], ""dtype"": ""bf16"", ""expression"": ""[B, S, hidden_size]""}, {""name"": ""expert_ids"", ""role"": ""input"", ""shape"": [1, 2048, 8], ""dtype"": ""int32"", ""expression"": ""[B, S, top_k]""}]","{""ep_size"": 1, ""n_routed_experts"": 64, ""tp_size"": 1}",,,7c1f77e11efe20f064ba8de757dd40ea5935d06255998a53811fd2920e687fa0,10
tilesim,asset:33,MoeGatingTopK,33,H200_Server/train,unsupported,TileSim 原生模型：不支持的算子类型：OpType.MoeGatingTopK,,,"[{""name"": ""x"", ""role"": ""input"", ""shape"": [2048, 64], ""dtype"": ""bf16"", ""expression"": ""[B * S, num_experts]""}]","{""B"": 1, ""S"": 2048, ""top_k"": 8}",,,7ee9a6e96dee70c8adcd339e109b8716180bce4b12757e1d7fe70012f8ee26a5,10
tilesim,asset:21,Mul,21,H200_Server/train,unsupported,"TileSim 原生模型：<DType.BF16: (2, 'BF16')>",,,"[{""name"": ""x1"", ""role"": ""input"", ""shape"": [1, 2048, 4096], ""dtype"": ""bf16"", ""expression"": ""[B, S, hidden_size]""}, {""name"": ""x2"", ""role"": ""input"", ""shape"": [1, 2048, 4096], ""dtype"": ""bf16"", ""expression"": ""[B, S, hidden_size]""}]",{},,,5a5cfecc0f764a68da1a672fc0efcb10bf849097e5d7777225974a4f72905df3,10
tilesim,asset:71,PLELayer,71,H200_Server/train,unsupported,TileSim 原生模型：don't support PLELayer now,,,"[{""name"": ""input_ids"", ""role"": ""input"", ""shape"": [1, 2048], ""dtype"": ""int32"", ""expression"": ""[B, S]""}, {""name"": ""hyper_state"", ""role"": ""input"", ""shape"": [1, 2048, 16384], ""dtype"": ""bf16"", ""expression"": ""[B, S, hc_count * hidden_size]""}, {""name"": ""ngram_embedding"", ""role"": ""parameter"", ""shape"": [65536, 160], ""dtype"": ""bf16"", ""expression"": ""[ngram_vocab_size_base * (ngram_size - 1) * heads_per_ngram, ple_embed_dim // ((ngram_size - 1) * heads_per_ngram)]""}, {""name"": ""key_weight"", ""role"": ""parameter"", ""shape"": [16384, 2560], ""dtype"": ""bf16"", ""expression"": ""[hc_count * hidden_size, ple_embed_dim]""}, {""name"": ""value_weight"", ""role"": ""parameter"", ""shape"": [4096, 2560], ""dtype"": ""bf16"", ""expression"": ""[hidden_size, ple_embed_dim]""}]","{""hc_count"": 4, ""heads_per_ngram"": 8, ""ngram_size"": 3, ""ngram_vocab_size_base"": 4096, ""ple_conv_kernel_size"": 4}",,,6dc3b04fa37b04cca4c0518e8e50db2a71caae3daacf65355cd80f5baca36f83,10
tilesim,asset:74,QSAIndexer,74,H200_Server/train,unsupported,TileSim 原生模型：don't support QSAIndexer now,,,"[{""name"": ""x"", ""role"": ""input"", ""shape"": [1, 2048, 4096], ""dtype"": ""bf16"", ""expression"": ""[B, S, hidden_size]""}, {""name"": ""index_qk_weight"", ""role"": ""parameter"", ""shape"": [640, 4096], ""dtype"": ""bf16"", ""expression"": ""[(indexer_n_heads + indexer_kv_heads) * indexer_head_dim, hidden_size]""}, {""name"": ""q_norm_scale"", ""role"": ""parameter"", ""shape"": [128], ""dtype"": ""bf16"", ""expression"": ""[indexer_head_dim]""}, {""name"": ""k_norm_scale"", ""role"": ""parameter"", ""shape"": [128], ""dtype"": ""bf16"", ""expression"": ""[indexer_head_dim]""}]","{""indexer_budget"": 512, ""indexer_compress_ratio"": 4, ""indexer_kv_heads"": 1, ""indexer_n_heads"": 4, ""kv_len"": 2048}",,,1a22b2f67d0773c0273126c94c81d83e85bd880bba71256797beb2cc55b8d117,10
tilesim,asset:8,QuantBatchMatmulV3,8,H200_Server/train,unsupported,TileSim 不支持该算子/硬件/精度配置，或底层预测未返回有效结果,,,"[{""name"": ""x1"", ""role"": ""input"", ""shape"": [2048, 4096], ""dtype"": ""fp8"", ""expression"": ""[B * S, hidden_size]""}, {""name"": ""x2"", ""role"": ""parameter"", ""shape"": [11008, 4096], ""dtype"": ""fp8"", ""expression"": ""[intermediate_size, hidden_size]""}, {""name"": ""scale"", ""role"": ""parameter"", ""shape"": [1], ""dtype"": ""fp32"", ""expression"": ""[1]""}]","{""B"": 1, ""S"": 2048}",,,a4a2fd0bdbff46640114281f41dbd2d612f8e9d4c71886fffc90dbcdd23da075,10
tilesim,asset:32,QuantLightningIndexer,32,H200_Server/train,unsupported,TileSim 不支持该算子/硬件/精度配置，或底层预测未返回有效结果,,,"[{""name"": ""query"", ""role"": ""input"", ""shape"": [1, 2048, 32, 128], ""dtype"": ""int8"", ""expression"": ""[B, S, num_attention_heads, head_dim]""}, {""name"": ""key"", ""role"": ""input"", ""shape"": [1, 2048, 1, 128], ""dtype"": ""int8"", ""expression"": ""[B, S, 1, head_dim]""}, {""name"": ""weights"", ""role"": ""input"", ""shape"": [1, 2048, 32], ""dtype"": ""fp16"", ""expression"": ""[B, S, num_attention_heads]""}, {""name"": ""query_dequant_scale"", ""role"": ""input"", ""shape"": [1, 2048, 32], ""dtype"": ""fp16"", ""expression"": ""[B, S, num_attention_heads]""}, {""name"": ""key_dequant_scale"", ""role"": ""input"", ""shape"": [1, 2048, 1], ""dtype"": ""fp16"", ""expression"": ""[B, S, 1]""}]","{""sparse_count"": 512}",,,3981d5f48838754a5be9323510016c755593f044a9a27ebcae8087894bd0491a,10
tilesim,asset:69,RMSNormGated,69,H200_Server/train,unsupported,TileSim 原生模型：don't support RMSNormGated now,,,"[{""name"": ""x"", ""role"": ""input"", ""shape"": [1, 2048, 4096], ""dtype"": ""fp16"", ""expression"": ""[B, S, hidden_size]""}, {""name"": ""gate"", ""role"": ""input"", ""shape"": [1, 2048, 4096], ""dtype"": ""fp16"", ""expression"": ""[B, S, hidden_size]""}, {""name"": ""weight"", ""role"": ""parameter"", ""shape"": [4096], ""dtype"": ""fp16"", ""expression"": ""[hidden_size]""}]",{},,,ce9eb33127e7470819cb8e940422e9a99feb5d2863987f1f9e6cf8c2b4b3db38,10
tilesim,asset:70,RMSNormQuant,70,H200_Server/train,unsupported,TileSim 原生模型：don't support RMSNormQuant now,,,"[{""name"": ""x"", ""role"": ""input"", ""shape"": [1, 2048, 4096], ""dtype"": ""fp16"", ""expression"": ""[B, S, hidden_size]""}]",{},,,c4aa46da7d1cc5225809f1566ea5366305b783f7e58fb15b9bad7598ad40ad0e,10
tilesim,asset:22,RmsNorm,22,H200_Server/train,unsupported,"TileSim 原生模型：<DType.BF16: (2, 'BF16')>",,,"[{""name"": ""x"", ""role"": ""input"", ""shape"": [2048, 4096], ""dtype"": ""bf16"", ""expression"": ""[B * S, hidden_size]""}, {""name"": ""gamma"", ""role"": ""parameter"", ""shape"": [4096], ""dtype"": ""bf16"", ""expression"": ""[hidden_size]""}]","{""B"": 1, ""S"": 2048}",,,e56090d3e080b972bb15c76b59324ffd39556c56cea692e7a66970291ad6d23f,10
tilesim,asset:72,RopeComplex,72,H200_Server/train,unsupported,TileSim 原生模型：don't support RopeComplex now,,,"[{""name"": ""x"", ""role"": ""input"", ""shape"": [1, 2048, 32, 128], ""dtype"": ""bf16"", ""expression"": ""[B, S, num_attention_heads // tp_size, head_dim]""}]","{""num_attention_heads"": 32, ""tp_size"": 1}",,,077b39a3ebc4842ab4e2600f417f758e4417a7183709979262b6972758798b9c,10
tilesim,asset:73,RopeInterLeave,73,H200_Server/train,unsupported,TileSim 原生模型：don't support RopeInterLeave now,,,"[{""name"": ""q"", ""role"": ""input"", ""shape"": [1, 2048, 32, 128], ""dtype"": ""bf16"", ""expression"": ""[B, S, num_attention_heads // tp_size, head_dim]""}, {""name"": ""k"", ""role"": ""input"", ""shape"": [1, 2048, 32, 128], ""dtype"": ""bf16"", ""expression"": ""[B, S, num_attention_heads // tp_size, head_dim]""}]","{""num_attention_heads"": 32, ""tp_size"": 1}",,,f6adf3960014523e2286676540ca701366dfbf48595676063aea158babde13fc,10
tilesim,asset:53,RowParallelLinear,53,H200_Server/train,succeeded,,194.40827546296296,184683593728,"[{""name"": ""x_shard"", ""role"": ""input"", ""shape"": [1, 2048, 4096], ""dtype"": ""fp16"", ""expression"": ""[B, S, hidden_size]""}, {""name"": ""weight_shard"", ""role"": ""parameter"", ""shape"": [11008, 4096], ""dtype"": ""fp16"", ""expression"": ""[intermediate_dim, hidden_size]""}]",{},cost-theo,80976cc4aef8c6113e512c92d4d4610285938981d0389a097579b73c8a313ef1,dbf913423ad26c6ce0fb793254897f0d1dd3db018092edd2730ed8af4dc6b886,60
tilesim,asset:46,START,46,H200_Server/train,unsupported,该资产不属于两种方法的单算子建模范围,,,"[{""name"": ""out"", ""role"": ""input"", ""shape"": [1, 2048, 4096], ""dtype"": ""fp16"", ""expression"": ""[B, S, hidden_size]""}]",{},,,357c88ec90c4e2693cb0e43841e34d7f82396f91b8ae77de050e73b922589c36,10
tilesim,asset:23,ScatterNdUpdate,23,H200_Server/train,unsupported,"TileSim 原生模型：<DType.FP8: (1, 'FP8')>",,,"[{""name"": ""var"", ""role"": ""input"", ""shape"": [1, 2048, 128], ""dtype"": ""fp8"", ""expression"": ""[B, seq_len, index_head_dim]""}, {""name"": ""indices"", ""role"": ""input"", ""shape"": [1, 2048], ""dtype"": ""int32"", ""expression"": ""[B, S]""}, {""name"": ""updates"", ""role"": ""input"", ""shape"": [1, 2048, 128], ""dtype"": ""fp8"", ""expression"": ""[B, S, index_head_dim]""}]",{},,,433e0069083a484af0e9c9e5a2392fb6ebbf8502ef578ffb9324971e303cc807,10
tilesim,asset:24,Sigmoid,24,H200_Server/train,unsupported,"TileSim 原生模型：<DType.BF16: (2, 'BF16')>",,,"[{""name"": ""x"", ""role"": ""input"", ""shape"": [1, 2048, 4096], ""dtype"": ""bf16"", ""expression"": ""[B, S, hidden_size]""}]",{},,,32e229d3a25b7f4251f1c1be583bb28b0266dd5cee9c86c1ab13556f438c4528,10
tilesim,asset:36,SituAndMul,36,H200_Server/train,unsupported,TileSim 原生模型：don't support SituAndMul now,,,"[{""name"": ""x"", ""role"": ""input"", ""shape"": [1, 2048, 22016], ""dtype"": ""fp32"", ""expression"": ""[B, S, 2 * intermediate_size]""}]","{""intermediate_size"": 11008}",,,aef37ee6a206d4b4ba7c9d6cc5e682d7e8248362417270822dbb31c076943298,10
tilesim,asset:5,SparseAttnSharedkv,5,H200_Server/train,unsupported,TileSim 原生模型：SparseAttnSharedkv input size must larger then 5,,,"[{""name"": ""q"", ""role"": ""input"", ""shape"": [1, 2048, 32, 128], ""dtype"": ""bf16"", ""expression"": ""[B, S, num_attention_heads, head_dim]""}, {""name"": ""ori_kv"", ""role"": ""input"", ""shape"": [1, 128, 1, 128], ""dtype"": ""bf16"", ""expression"": ""[B, sliding_window, 1, head_dim]""}, {""name"": ""cmp_kv"", ""role"": ""input"", ""shape"": [1, 512, 1, 128], ""dtype"": ""bf16"", ""expression"": ""[B, cmp_len, 1, head_dim]""}]",{},,,16a108dee760217e7f1d7567ef1128f4fa58efd23e58ab117ace2ab58ceb4664,10
tilesim,asset:6,SparseFlashAttention,6,H200_Server/train,unsupported,TileSim 原生模型：SparseFlashAttention input size must be 9,,,"[{""name"": ""query"", ""role"": ""input"", ""shape"": [1, 2048, 32, 128], ""dtype"": ""bf16"", ""expression"": ""[B, S, num_attention_heads, head_dim]""}, {""name"": ""key"", ""role"": ""input"", ""shape"": [1, 2048, 1, 128], ""dtype"": ""bf16"", ""expression"": ""[B, seq_len, 1, head_dim]""}, {""name"": ""value"", ""role"": ""input"", ""shape"": [1, 2048, 1, 128], ""dtype"": ""bf16"", ""expression"": ""[B, seq_len, 1, head_dim]""}, {""name"": ""sparse_indices"", ""role"": ""input"", ""shape"": [1, 2048, 512], ""dtype"": ""int32"", ""expression"": ""[B, S, index_topk]""}]",{},,,51c7d219cde799b362443dd5793af925a6b0ae2ed431717fa6fa6908f73b81e6,10
tilesim,asset:76,SparseIndexSelect,76,H200_Server/train,unsupported,TileSim 原生模型：don't support SparseIndexSelect now,,,"[{""name"": ""l2_scores_reduced"", ""role"": ""input"", ""shape"": [1, 2048, 1024], ""dtype"": ""bf16"", ""expression"": ""[B, S, seq_len // 2]""}]","{""index_topk"": 512, ""seq_len"": 2048}",,,59ff199c66959e67b4aa6cc21b2e1988100907c4ba5e902ddb73ce24c93092aa,10
tilesim,asset:25,SwiGlu,25,H200_Server/train,unsupported,"TileSim 原生模型：<DType.BF16: (2, 'BF16')>",,,"[{""name"": ""x"", ""role"": ""input"", ""shape"": [1, 2048, 22016], ""dtype"": ""bf16"", ""expression"": ""[B, S, 2 * intermediate_size]""}]","{""intermediate_size"": 11008}",,,02d41798a2f0109d1641c857b56486784a6f9d6ed04d888f00f16a87d56f796f,10
tilesim,asset:26,SwiGluQuant,26,H200_Server/train,unsupported,TileSim 原生模型：don't support SwiGluQuant now,,,"[{""name"": ""x"", ""role"": ""input"", ""shape"": [2048, 22016], ""dtype"": ""bf16"", ""expression"": ""[B * S, 2 * intermediate_size]""}]","{""B"": 1, ""S"": 2048, ""intermediate_size"": 11008}",,,4289f4c26a6af13c3a184d18e9fddb5f26c480c1970eace7f7dc344dfc2e5d34,10
tilesim,asset:27,SwigluGroupQuant,27,H200_Server/train,unsupported,TileSim 原生模型：don't support SwigluGroupQuant now,,,"[{""name"": ""x"", ""role"": ""input"", ""shape"": [2048, 2816], ""dtype"": ""bf16"", ""expression"": ""[routed_tokens_per_rank, 2 * moe_intermediate_size]""}]","{""moe_intermediate_size"": 1408}",,,5518457f646e00833d1155636ead3c9128b0cfd1b7e52ad82b8ba1c676ee37ce,10
tilesim,asset:77,TorchAdd,77,H200_Server/train,succeeded,,616.8200508086941,8388608,"[{""name"": ""a"", ""role"": ""input"", ""shape"": [1, 2048, 4096], ""dtype"": ""fp16"", ""expression"": ""[B, S, hidden_size]""}, {""name"": ""b"", ""role"": ""input"", ""shape"": [1, 2048, 4096], ""dtype"": ""fp16"", ""expression"": ""[B, S, hidden_size]""}]",{},cost-theo,80976cc4aef8c6113e512c92d4d4610285938981d0389a097579b73c8a313ef1,417573b40af4f1dbd75426a34c5da6c257b3851052a619f8c41e14ac21b00355,10
tilesim,asset:78,TorchCos,78,H200_Server/train,unsupported,TileSim 原生模型：don't support TorchCos now,,,"[{""name"": ""x"", ""role"": ""input"", ""shape"": [1, 2048, 4096], ""dtype"": ""fp16"", ""expression"": ""[B, S, hidden_size]""}]",{},,,ae69b5663fa682f20875fde148d229b7efe7f999cbd288b3930eea05dc5b711c,10
tilesim,asset:79,TorchCumsum,79,H200_Server/train,succeeded,,24234.466159596323,8388608,"[{""name"": ""x"", ""role"": ""input"", ""shape"": [1, 2048, 4096], ""dtype"": ""fp16"", ""expression"": ""[B, S, hidden_size]""}]","{""axis"": -1}",cost-engineering,80976cc4aef8c6113e512c92d4d4610285938981d0389a097579b73c8a313ef1,9d533b2f77d929fe638f8d1bce526ab17e6227c49da028cf17ed7985cf05b701,10
tilesim,asset:80,TorchMm,80,H200_Server/train,succeeded,,2.2605613425925926,268435456,"[{""name"": ""a"", ""role"": ""input"", ""shape"": [1024, 512], ""dtype"": ""fp16"", ""expression"": ""[M, K]""}, {""name"": ""b"", ""role"": ""input"", ""shape"": [512, 256], ""dtype"": ""fp16"", ""expression"": ""[K, N]""}]",{},cost-theo,80976cc4aef8c6113e512c92d4d4610285938981d0389a097579b73c8a313ef1,c52595627e0ca0d0e7ca9a68f7ed86eeb7cf949f22351b0f6fc690e8060967e6,10
tilesim,asset:81,TorchMul,81,H200_Server/train,succeeded,,616.8200508086941,8388608,"[{""name"": ""a"", ""role"": ""input"", ""shape"": [1, 2048, 4096], ""dtype"": ""fp16"", ""expression"": ""[B, S, hidden_size]""}, {""name"": ""b"", ""role"": ""input"", ""shape"": [1, 2048, 4096], ""dtype"": ""fp16"", ""expression"": ""[B, S, hidden_size]""}]",{},cost-theo,80976cc4aef8c6113e512c92d4d4610285938981d0389a097579b73c8a313ef1,5fc497fc03d461b81b5c111620ac3a5098b83f184a55e5a89807715d49c44cff,10
tilesim,asset:82,TorchSin,82,H200_Server/train,unsupported,TileSim 原生模型：don't support TorchSin now,,,"[{""name"": ""x"", ""role"": ""input"", ""shape"": [1, 2048, 4096], ""dtype"": ""fp16"", ""expression"": ""[B, S, hidden_size]""}]",{},,,c99df20107e854274c012b5a7f7e65bc50c20461ab7c8c3188b827597ff0bc1c,10
tilesim,asset:83,TorchSoftmax,83,H200_Server/train,succeeded,,351.98954233411774,33554432,"[{""name"": ""x"", ""role"": ""input"", ""shape"": [1, 2048, 4096], ""dtype"": ""fp16"", ""expression"": ""[B, S, hidden_size]""}]",{},cost-theo,80976cc4aef8c6113e512c92d4d4610285938981d0389a097579b73c8a313ef1,813d8123002aa700dfa939c5f97f0767f4a220a0415a7f94038377fb081caeb1,10
tilesim,asset:84,TorchSort,84,H200_Server/train,unsupported,TileSim 原生模型：don't support TorchSort now,,,"[{""name"": ""x"", ""role"": ""input"", ""shape"": [1, 2048, 4096], ""dtype"": ""fp16"", ""expression"": ""[B, S, hidden_size]""}]",{},,,e604e9f1a5a1c551428543ee8deb2f1bfb16e47b359c60ba89d78cf2e785d0b0,10
tilesim,asset:85,TorchSum,85,H200_Server/train,succeeded,,281.424973376239,4096,"[{""name"": ""x"", ""role"": ""input"", ""shape"": [1, 2048, 4096], ""dtype"": ""fp16"", ""expression"": ""[B, S, hidden_size]""}]","{""axis"": 1}",cost-theo,80976cc4aef8c6113e512c92d4d4610285938981d0389a097579b73c8a313ef1,5afa517ece47d754a053cd6dceb421de8f034041cedffc94a676b54b45288beb,10
tilesim,asset:28,Transpose,28,H200_Server/train,succeeded,,351.98954233411774,0,"[{""name"": ""x"", ""role"": ""input"", ""shape"": [1, 2048, 4096], ""dtype"": ""bf16"", ""expression"": ""[B, S, hidden_size]""}, {""name"": ""perm"", ""role"": ""input"", ""shape"": [3], ""dtype"": ""int64"", ""expression"": ""[3]""}]","{""permutation"": [0, 2, 1]}",cost-theo,80976cc4aef8c6113e512c92d4d4610285938981d0389a097579b73c8a313ef1,7c362552e7dbfb82549b3d11727564bc8497e17af3bbc6deab6fa750b1ba5ec4,10
tilesim,asset:9,TransposeBatchMatMul,9,H200_Server/train,unsupported,TileSim 原生模型：cube.precision: DType.BF16 not right precision type!,,,"[{""name"": ""x1"", ""role"": ""input"", ""shape"": [1, 2048, 4096], ""dtype"": ""bf16"", ""expression"": ""[B, S, hidden_size]""}, {""name"": ""x2"", ""role"": ""parameter"", ""shape"": [1, 4096, 11008], ""dtype"": ""bf16"", ""expression"": ""[B, hidden_size, intermediate_size]""}]",{},,,70b5ef2434b0a20ce258c7c5ee23ea8f6d1cc9c30201924c5fe23bbf36d68684,10
tilesim,asset:86,VisionEncoderBlock,86,H200_Server/train,unsupported,TileSim 原生模型：don't support VisionEncoderBlock now,,,"[{""name"": ""vision_hidden"", ""role"": ""input"", ""shape"": [256, 1280], ""dtype"": ""bf16"", ""expression"": ""[vision_patch_tokens, vision_hidden_size]""}, {""name"": ""norm1_scale"", ""role"": ""parameter"", ""shape"": [1280], ""dtype"": ""bf16"", ""expression"": ""[vision_hidden_size]""}, {""name"": ""qkv_weight"", ""role"": ""parameter"", ""shape"": [3840, 1280], ""dtype"": ""bf16"", ""expression"": ""[3 * vision_hidden_size, vision_hidden_size]""}, {""name"": ""o_weight"", ""role"": ""parameter"", ""shape"": [1280, 1280], ""dtype"": ""bf16"", ""expression"": ""[vision_hidden_size, vision_hidden_size]""}, {""name"": ""norm2_scale"", ""role"": ""parameter"", ""shape"": [1280], ""dtype"": ""bf16"", ""expression"": ""[vision_hidden_size]""}, {""name"": ""fc1_weight"", ""role"": ""parameter"", ""shape"": [3420, 1280], ""dtype"": ""bf16"", ""expression"": ""[vision_intermediate_size, vision_hidden_size]""}, {""name"": ""fc2_weight"", ""role"": ""parameter"", ""shape"": [1280, 3420], ""dtype"": ""bf16"", ""expression"": ""[vision_hidden_size, vision_intermediate_size]""}]","{""vision_attention_token_pairs"": 65536, ""vision_num_heads"": 16}",,,12c8befd4a3804fbb6914d56b51f7d43fc6d1af14ccc9b32d5f3776e1f1ae679,10
tilesim,asset:87,VisionPatchEmbed,87,H200_Server/train,unsupported,TileSim 原生模型：don't support VisionPatchEmbed now,,,"[{""name"": ""pixel_values"", ""role"": ""input"", ""shape"": [256, 1176], ""dtype"": ""bf16"", ""expression"": ""[vision_patch_tokens, vision_in_channels * vision_temporal_patch_size * vision_patch_size * vision_patch_size]""}, {""name"": ""projection_weight"", ""role"": ""parameter"", ""shape"": [1280, 1176], ""dtype"": ""bf16"", ""expression"": ""[vision_hidden_size, vision_in_channels * vision_temporal_patch_size * vision_patch_size * vision_patch_size]""}]","{""vision_in_channels"": 3, ""vision_patch_size"": 14, ""vision_temporal_patch_size"": 2}",,,87b6a23fbb0e3e9675e01370aa6512cc0fb2184a9a1c1431e6259c92860996a3,10
tilesim,asset:88,VisionPatchMerger,88,H200_Server/train,unsupported,TileSim 原生模型：don't support VisionPatchMerger now,,,"[{""name"": ""vision_hidden"", ""role"": ""input"", ""shape"": [256, 1280], ""dtype"": ""bf16"", ""expression"": ""[vision_patch_tokens, vision_hidden_size]""}, {""name"": ""norm_scale"", ""role"": ""parameter"", ""shape"": [1280], ""dtype"": ""bf16"", ""expression"": ""[vision_hidden_size]""}, {""name"": ""fc1_weight"", ""role"": ""parameter"", ""shape"": [5120, 5120], ""dtype"": ""bf16"", ""expression"": ""[vision_hidden_size * vision_spatial_merge_size * vision_spatial_merge_size, vision_hidden_size * vision_spatial_merge_size * vision_spatial_merge_size]""}, {""name"": ""fc2_weight"", ""role"": ""parameter"", ""shape"": [4096, 5120], ""dtype"": ""bf16"", ""expression"": ""[vision_out_hidden_size, vision_hidden_size * vision_spatial_merge_size * vision_spatial_merge_size]""}]","{""vision_merged_tokens"": 64, ""vision_spatial_merge_size"": 2}",,,181def296fc90d234f8509b504b2ede5ee038591eba9de81d6aa41f935021d64,10
tilesim,asset:89,VisionTextEmbeddingMerge,89,H200_Server/train,unsupported,TileSim 原生模型：don't support VisionTextEmbeddingMerge now,,,"[{""name"": ""text_embeddings"", ""role"": ""input"", ""shape"": [1, 2048, 16384], ""dtype"": ""bf16"", ""expression"": ""[B, S, hc_count * hidden_size]""}, {""name"": ""visual_embeddings"", ""role"": ""input"", ""shape"": [64, 4096], ""dtype"": ""bf16"", ""expression"": ""[vision_merged_tokens, hidden_size]""}]","{""hc_count"": 4}",,,07d0fdb598013e786f35e75a404f732fba563c8503739b1451e1eb4d38c0784e,10
tilesim-fp16,builtin:matmul,MatMul,,H200_Server/train,succeeded,,2.2605613425925926,268435456,"[{""name"": ""A"", ""shape"": [1024, 512], ""dtype"": ""fp16"", ""role"": ""input""}, {""name"": ""B"", ""shape"": [512, 256], ""dtype"": ""fp16"", ""role"": ""input""}]",{},cost-theo,80976cc4aef8c6113e512c92d4d4610285938981d0389a097579b73c8a313ef1,47eb58995af59dcfb817f850788a5411b0bb6bea563a96c2ee7c1ce70e897469,10
tilesim-fp16,builtin:linear,Linear,,H200_Server/train,succeeded,,2.2605613425925926,268435456,"[{""name"": ""input"", ""shape"": [1024, 512], ""dtype"": ""fp16"", ""role"": ""input""}, {""name"": ""weight"", ""shape"": [256, 512], ""dtype"": ""fp16"", ""role"": ""input""}]",{},cost-theo,80976cc4aef8c6113e512c92d4d4610285938981d0389a097579b73c8a313ef1,bced5eaa254f33508cd93f139a410e7f77f18d26ef43cf3f0507af1f89560ae9,10
tilesim-fp16,builtin:bmm,BMM,,H200_Server/train,succeeded,,0.8380952380952386,536870912,"[{""name"": ""A"", ""shape"": [32, 128, 512], ""dtype"": ""fp16"", ""role"": ""input""}, {""name"": ""B"", ""shape"": [32, 512, 128], ""dtype"": ""fp16"", ""role"": ""input""}]",{},cost-theo,80976cc4aef8c6113e512c92d4d4610285938981d0389a097579b73c8a313ef1,8319bca52654a0cf7e84f80de585aad5a672d77f0fa422b5a737ae402918b9b6,10
tilesim-fp16,builtin:flash_attention,FlashAttention,,H200_Server/train,unsupported,TileSim 原生模型：object of type 'NoneType' has no len(),,,"[{""name"": ""Q"", ""shape"": [2, 32, 512, 128], ""dtype"": ""fp16"", ""role"": ""input""}, {""name"": ""K"", ""shape"": [2, 32, 512, 128], ""dtype"": ""fp16"", ""role"": ""input""}, {""name"": ""V"", ""shape"": [2, 32, 512, 128], ""dtype"": ""fp16"", ""role"": ""input""}]",{},,,d0d78a6c8c862c3fe34f52d83584f5834630e1bc72913b76f3b2705aa9700714,10
tilesim-fp16,builtin:layernorm,LayerNorm,,H200_Server/train,unsupported,TileSim 原生模型：[TheoOp.<function BasicOperator.op_name at 0x10af572e0>]: inputs len must be 3,,,"[{""name"": ""input"", ""shape"": [1024, 4096], ""dtype"": ""fp16"", ""role"": ""input""}, {""name"": ""weight"", ""shape"": [4096], ""dtype"": ""fp16"", ""role"": ""input""}]",{},,,faa6471a747a8e5c5f84edf5f92034c1dae491d7284463a0f5355ff8df084a22,10
tilesim-fp16,builtin:rms_norm,RMSNorm,,H200_Server/train,unsupported,TileSim RmsNorm 需要 x/gamma 输入及 y/rstd 两个输出；当前模板边界不符,,,"[{""name"": ""input"", ""shape"": [1024, 4096], ""dtype"": ""fp16"", ""role"": ""input""}, {""name"": ""weight"", ""shape"": [4096], ""dtype"": ""fp16"", ""role"": ""input""}]",{},,,ee1f2f8f64bad71a09d796bb15c8749b7d55862d92ab093a09a9daad9c14e0be,10
tilesim-fp16,builtin:swiglu,SwiGLU,,H200_Server/train,unsupported,TileSim 展平会改变广播分组，不支持该形状,,,"[{""name"": ""hidden"", ""shape"": [1024, 4096], ""dtype"": ""fp16"", ""role"": ""input""}, {""name"": ""gate_w"", ""shape"": [11008, 4096], ""dtype"": ""fp16"", ""role"": ""input""}, {""name"": ""up_w"", ""shape"": [11008, 4096], ""dtype"": ""fp16"", ""role"": ""input""}, {""name"": ""down_w"", ""shape"": [4096, 11008], ""dtype"": ""fp16"", ""role"": ""input""}]",{},,,336d2ca7a6caccd14a25351d5df79677f1ecd6566292d2a676ca128769de5f69,10
tilesim-fp16,builtin:embedding,Embedding,,H200_Server/train,unsupported,GatherV2 需要显式 axis=0 和完整的参数、索引、轴输入,,,"[{""name"": ""weight"", ""shape"": [32000, 4096], ""dtype"": ""fp16"", ""role"": ""input""}, {""name"": ""indices"", ""shape"": [2, 512], ""dtype"": ""int32"", ""role"": ""input""}]",{},,,0a2436e59305db34be1c39b08596acbb1aae1916b3cfb5cc6ed813e6b148124e,10
tilesim-fp16,builtin:silu,SiLU,,H200_Server/train,unsupported,TileSim 原生模型：不支持的算子类型：OpType.Swish,,,"[{""name"": ""input"", ""shape"": [1024, 4096], ""dtype"": ""fp16"", ""role"": ""input""}]",{},,,998cccf124d897bcdfb752257e569417b3033977d4df195e007c1c43f390e943,10
tilesim-fp16,builtin:gelu,GELU,,H200_Server/train,unsupported,"TileSim 原生模型：\n解析语句出错: 第 12 行: input_x1 = Tensor([m1, n1], d_type, MemLoc.GM)。 报错内容如下: 'shape'",,,"[{""name"": ""input"", ""shape"": [1024, 4096], ""dtype"": ""fp16"", ""role"": ""input""}]",{},,,237b357703404d3da97bc533b43573254dc1675686043dd2eaee77fd4a47dac3,10
tilesim-fp16,builtin:softmax,Softmax,,H200_Server/train,succeeded,,11263.665354691768,1073741824,"[{""name"": ""input"", ""shape"": [32, 32, 512, 512], ""dtype"": ""fp16"", ""role"": ""input""}]",{},cost-theo,80976cc4aef8c6113e512c92d4d4610285938981d0389a097579b73c8a313ef1,3907244b46f0a922fbaa48e49025d133ae485d722b9a20dd8283135fa38e8d67,10
tilesim-fp16,asset:68,AddRMSNormQuant,68,H200_Server/train,unsupported,TileSim 原生模型：don't support AddRMSNormQuant now,,,"[{""name"": ""x1"", ""role"": ""input"", ""shape"": [1, 2048, 4096], ""dtype"": ""fp16"", ""expression"": ""[B, S, hidden_size]""}, {""name"": ""x2"", ""role"": ""input"", ""shape"": [1, 2048, 4096], ""dtype"": ""fp16"", ""expression"": ""[B, S, hidden_size]""}]",{},,,3e84c872352069fd582e00f426a06855356db9c829ea59e090b8f90971274a30,10
tilesim-fp16,asset:10,AddRmsNorm,10,H200_Server/train,unsupported,TileSim 原生模型：[TheoOp.addrmsnorm]: outputs len must be 1,,,"[{""name"": ""x1"", ""role"": ""input"", ""shape"": [2048, 4096], ""dtype"": ""fp16"", ""expression"": ""[B * S, hidden_size]""}, {""name"": ""x2"", ""role"": ""input"", ""shape"": [2048, 4096], ""dtype"": ""fp16"", ""expression"": ""[B * S, hidden_size]""}, {""name"": ""gamma"", ""role"": ""parameter"", ""shape"": [4096], ""dtype"": ""fp16"", ""expression"": ""[hidden_size]""}]","{""B"": 1, ""S"": 2048}",,,7570978cb97f66e836f1a580e7599b3cce1b62f9c59e16d41f7f2fce4a40ffdc,10
tilesim-fp16,asset:11,AddRmsNormBias,11,H200_Server/train,unsupported,TileSim 原生模型：don't support AddRmsNormBias now,,,"[{""name"": ""x1"", ""role"": ""input"", ""shape"": [2048, 4096], ""dtype"": ""fp16"", ""expression"": ""[B * S, hidden_size]""}, {""name"": ""x2"", ""role"": ""input"", ""shape"": [2048, 4096], ""dtype"": ""fp16"", ""expression"": ""[B * S, hidden_size]""}, {""name"": ""gamma"", ""role"": ""parameter"", ""shape"": [4096], ""dtype"": ""fp16"", ""expression"": ""[hidden_size]""}, {""name"": ""beta"", ""role"": ""parameter"", ""shape"": [4096], ""dtype"": ""fp16"", ""expression"": ""[hidden_size]""}]","{""B"": 1, ""S"": 2048}",,,c630a2dde63784db1cfdcb79bf8e8ecef0adf6eb7c918c5308c941e0d749d9c7,10
tilesim-fp16,asset:37,AllGather,37,H200_Server/train,unsupported,该资产不属于两种方法的单算子建模范围,,,"[{""name"": ""logits_shard"", ""role"": ""input"", ""shape"": [1, 2048, 128256], ""dtype"": ""fp16"", ""expression"": ""[B, S, vocab_size // lmhead_tp_size]""}]","{""lmhead_tp_size"": 1, ""vocab_size"": 128256}",,,756c75d73d65e8bce1c49bb79fb2f13c268ea6eed49918bb350e9b92034049e2,10
tilesim-fp16,asset:38,AllReduce,38,H200_Server/train,unsupported,该资产不属于两种方法的单算子建模范围,,,"[{""name"": ""x"", ""role"": ""input"", ""shape"": [1, 2048, 4096], ""dtype"": ""fp16"", ""expression"": ""[B, S, hidden_size]""}]",{},,,21a651c3373caf8d975640214d7f8531cb87a896de30ac1a61eb7bed69320200,10
tilesim-fp16,asset:12,Cast,12,H200_Server/train,succeeded,,439.1485761936592,8388608,"[{""name"": ""x"", ""role"": ""input"", ""shape"": [1, 2048, 4096], ""dtype"": ""fp16"", ""expression"": ""[B, S, hidden_size]""}]",{},cost-theo,80976cc4aef8c6113e512c92d4d4610285938981d0389a097579b73c8a313ef1,325e62df34e2945c41b3baa12f55bd2753213b5592037239c5eb4643bd8f1eb5,10
tilesim-fp16,asset:13,CausalConv1d,13,H200_Server/train,unsupported,TileSim 原生模型：don't support CausalConv1d now,,,"[{""name"": ""x"", ""role"": ""input"", ""shape"": [1, 2048, 4096], ""dtype"": ""fp16"", ""expression"": ""[B, S, hidden_size]""}, {""name"": ""weight"", ""role"": ""input"", ""shape"": [512, 4096], ""dtype"": ""fp16"", ""expression"": ""[K, hidden_size]""}, {""name"": ""conv_states"", ""role"": ""input"", ""shape"": [1, 511, 4096], ""dtype"": ""fp16"", ""expression"": ""[num_cache_lines, state_len, hidden_size]""}]",{},,,08d448b794cc50f37c300606f4684d487cca62ab7c6867b3b44ae6fffbf3f707,10
tilesim-fp16,asset:1,ChunkGatedDeltaRule,1,H200_Server/train,unsupported,TileSim 原生模型：don't support ChunkGatedDeltaRule now,,,"[{""name"": ""query"", ""role"": ""input"", ""shape"": [2048, 4, 128], ""dtype"": ""fp16"", ""expression"": ""[B * S, num_key_heads, key_head_dim]""}, {""name"": ""key"", ""role"": ""input"", ""shape"": [2048, 4, 128], ""dtype"": ""fp16"", ""expression"": ""[B * S, num_key_heads, key_head_dim]""}, {""name"": ""value"", ""role"": ""input"", ""shape"": [2048, 8, 128], ""dtype"": ""fp16"", ""expression"": ""[B * S, num_value_heads, value_head_dim]""}, {""name"": ""beta"", ""role"": ""input"", ""shape"": [2048, 8], ""dtype"": ""fp16"", ""expression"": ""[B * S, num_value_heads]""}, {""name"": ""initial_state"", ""role"": ""input"", ""shape"": [1, 8, 128, 128], ""dtype"": ""fp16"", ""expression"": ""[B, num_value_heads, value_head_dim, key_head_dim]""}, {""name"": ""actual_seq_lengths"", ""role"": ""input"", ""shape"": [1], ""dtype"": ""int32"", ""expression"": ""[B]""}]","{""S"": 2048}",,,a6bcdf14e834006b959474926791abc572c7700bfd72e3ba59f0d8cf9ebebab9,10
tilesim-fp16,asset:49,ColumnParallelLinear,49,H200_Server/train,succeeded,,194.40827546296296,184683593728,"[{""name"": ""x"", ""role"": ""input"", ""shape"": [1, 2048, 4096], ""dtype"": ""fp16"", ""expression"": ""[B, S, hidden_size]""}, {""name"": ""weight_shard"", ""role"": ""parameter"", ""shape"": [11008, 4096], ""dtype"": ""fp16"", ""expression"": ""[intermediate_dim, hidden_size]""}]",{},cost-theo,80976cc4aef8c6113e512c92d4d4610285938981d0389a097579b73c8a313ef1,56ea49d8e95020c8b0601a7cc763366667a3e32730a15e6c76ee4fbfb7c500ed,60
tilesim-fp16,asset:48,ColumnParallelLinearQuant,48,H200_Server/train,unsupported,TileSim 原生模型：don't support ColumnParallelLinearQuant now,,,"[{""name"": ""x"", ""role"": ""input"", ""shape"": [1, 2048, 4096], ""dtype"": ""fp16"", ""expression"": ""[B, S, hidden_size]""}, {""name"": ""weight_shard"", ""role"": ""parameter"", ""shape"": [11008, 4096], ""dtype"": ""fp16"", ""expression"": ""[intermediate_dim, hidden_size]""}]",{},,,fcabe13e026deab36d06fe5838686daa32841b408ad515f5ea979650260e800a,10
tilesim-fp16,asset:57,Compressor,57,H200_Server/train,unsupported,TileSim 原生模型：unsupported operand type(s) for +: 'NoneType' and 'int',,,"[{""name"": ""kv"", ""role"": ""input"", ""shape"": [1, 2048, 4096], ""dtype"": ""fp16"", ""expression"": ""[B, S, hidden_size]""}, {""name"": ""wkv"", ""role"": ""parameter"", ""shape"": [128, 4096], ""dtype"": ""fp16"", ""expression"": ""[head_dim, hidden_size]""}, {""name"": ""wgate"", ""role"": ""parameter"", ""shape"": [128, 4096], ""dtype"": ""fp16"", ""expression"": ""[head_dim, hidden_size]""}, {""name"": ""ape"", ""role"": ""parameter"", ""shape"": [1, 128], ""dtype"": ""fp32"", ""expression"": ""[compress_ratio, head_dim]""}]",{},,,328a98a7e21a948edc58cf2ba187e9927029289672969116d12d410e034c77e6,10
tilesim-fp16,asset:14,Cumsum,14,H200_Server/train,succeeded,,232.64081836540706,14336,"[{""name"": ""x"", ""role"": ""input"", ""shape"": [1, 2048, 8], ""dtype"": ""int64"", ""expression"": ""[B, S, top_k]""}, {""name"": ""axis"", ""role"": ""input"", ""shape"": [1], ""dtype"": ""int64"", ""expression"": ""[1]""}]","{""axis"": 2}",cost-engineering,80976cc4aef8c6113e512c92d4d4610285938981d0389a097579b73c8a313ef1,1e6cb0d69843e1214a1c5e88b638c55f396838fd7c7fa9fe2e8c198d8cb8f3f5,10
tilesim-fp16,asset:15,DynamicMxQuant,15,H200_Server/train,unsupported,TileSim 不支持该算子/硬件/精度配置，或底层预测未返回有效结果,,,"[{""name"": ""x"", ""role"": ""input"", ""shape"": [2048, 4096], ""dtype"": ""fp16"", ""expression"": ""[B * S, hidden_size]""}]","{""B"": 1, ""S"": 2048}",,,bd9252f6c481e776594abb0402d5d4993a83bcbace657cf77eb2ff181b17b4c9,10
tilesim-fp16,asset:75,DynamicQuant,75,H200_Server/train,unsupported,TileSim 原生模型：不支持的算子类型：OpType.DynamicQuant,,,"[{""name"": ""x"", ""role"": ""input"", ""shape"": [1, 2048, 4096], ""dtype"": ""fp16"", ""expression"": ""[B, S, hidden_size]""}]",{},,,fb175b8f65e065590c4a0e9976c4d5a66cf3bdb9501580bae10dc937b347678e,10
tilesim-fp16,asset:16,DynamicQuantV2,16,H200_Server/train,unsupported,TileSim 原生模型：不支持的算子类型：OpType.DynamicQuant,,,"[{""name"": ""x"", ""role"": ""input"", ""shape"": [1, 2048, 4096], ""dtype"": ""fp16"", ""expression"": ""[B, S, hidden_size]""}]",{},,,d55ef88f556b385d550f0bf74d5299ffde5ddf12aeb821dd9767bd9e3a4ba873,10
tilesim-fp16,asset:45,END,45,H200_Server/train,unsupported,该资产不属于两种方法的单算子建模范围,,,"[{""name"": ""in"", ""role"": ""input"", ""shape"": [1, 2048, 128256], ""dtype"": ""fp16"", ""expression"": ""[B, S, vocab_size]""}]",{},,,86736ea387ea42e00d23d36d8780867620dda23cdbfa92f8c4ca3a638546198a,10
tilesim-fp16,asset:41,Embedding,41,H200_Server/train,unsupported,TileSim 原生模型：don't support Embedding now,,,"[{""name"": ""x"", ""role"": ""input"", ""shape"": [1, 2048], ""dtype"": ""int64"", ""expression"": ""[B, S]""}, {""name"": ""indices"", ""role"": ""input"", ""shape"": [1, 2048], ""dtype"": ""int64"", ""expression"": ""[B, S]""}]","{""hidden_size"": 4096}",,,e54d2c9e44979c5ed53c89abfb9836f54a605dcbe6e7f844c5f83a6ba7c67605,10
tilesim-fp16,asset:42,EngramGate,42,H200_Server/train,unsupported,TileSim 原生模型：don't support EngramGate now,,,"[{""name"": ""l1_lookup_reduced"", ""role"": ""input"", ""shape"": [1, 2048, 24, 256], ""dtype"": ""fp16"", ""expression"": ""[B, S, (engram_max_ngram_size - 1) * engram_n_heads, engram_head_dim]""}, {""name"": ""l0_ffn_state"", ""role"": ""input"", ""shape"": [1, 2048, 4, 4096], ""dtype"": ""fp16"", ""expression"": ""[B, S, hc_mult, hidden_size]""}, {""name"": ""wkv"", ""role"": ""parameter"", ""shape"": [20480, 6144], ""dtype"": ""fp8"", ""expression"": ""[(hc_mult + 1) * hidden_size, (engram_max_ngram_size - 1) * engram_n_heads * engram_head_dim]""}, {""name"": ""q_weight"", ""role"": ""parameter"", ""shape"": [4, 4096], ""dtype"": ""fp16"", ""expression"": ""[hc_mult, hidden_size]""}, {""name"": ""k_weight"", ""role"": ""parameter"", ""shape"": [4, 4096], ""dtype"": ""fp16"", ""expression"": ""[hc_mult, hidden_size]""}]","{""engram_max_ngram_size"": 4, ""engram_n_heads"": 8}",,,eb9cf171071bc69ab31fd95c1f3e4df26f3eccb76f962c7fe874169fe9badec9,10
tilesim-fp16,asset:43,EngramLookup,43,H200_Server/train,unsupported,TileSim 原生模型：don't support EngramLookup now,,,"[{""name"": ""token_ids"", ""role"": ""input"", ""shape"": [1, 2048], ""dtype"": ""int64"", ""expression"": ""[B, S]""}, {""name"": ""weight"", ""role"": ""parameter"", ""shape"": [4096, 256], ""dtype"": ""fp8"", ""expression"": ""[engram_num_embeddings[0] + 0, engram_head_dim]""}, {""name"": ""scale"", ""role"": ""parameter"", ""shape"": [4096, 8], ""dtype"": ""int8"", ""expression"": ""[engram_num_embeddings[0] + 0, engram_head_dim // 32]""}]","{""engram_max_ngram_size"": 4, ""engram_n_heads"": 8, ""engram_num_embeddings"": [4096, 4096]}",,,0966ebeb5456b96be9001362ff10207c92c11205beda6b1c52b9c061d7e1b14d,10
tilesim-fp16,asset:44,EngramPrefetch,44,H200_Server/train,unsupported,TileSim 原生模型：don't support EngramPrefetch now,,,"[{""name"": ""token_ids"", ""role"": ""input"", ""shape"": [1, 2048], ""dtype"": ""int64"", ""expression"": ""[B, S]""}]",{},,,ca88ab2595c4017ec55025240556e59326293cc9160b4fc5d63a2f2ae70138e7,10
tilesim-fp16,asset:2,FlashAttentionScore,2,H200_Server/train,unsupported,TileSim 原生模型：[TheoOp.<function BasicOperator.op_name at 0x10af572e0>]: outputs len must be 1,,,"[{""name"": ""query"", ""role"": ""input"", ""shape"": [1, 32, 2048, 192], ""dtype"": ""fp16"", ""expression"": ""[B, num_attention_heads // tp_size, S, qk_head_dim]""}, {""name"": ""key"", ""role"": ""input"", ""shape"": [1, 32, 2048, 192], ""dtype"": ""fp16"", ""expression"": ""[B, num_attention_heads // tp_size, seq_len, qk_head_dim]""}, {""name"": ""value"", ""role"": ""input"", ""shape"": [1, 32, 2048, 128], ""dtype"": ""fp16"", ""expression"": ""[B, num_attention_heads // tp_size, seq_len, qk_nope_head_dim]""}]","{""num_attention_heads"": 32, ""tp_size"": 1}",,,68f9c923dbb23002a43088380d0e7dba1c5085558ae0009da4b71592ffcd31d3,10
tilesim-fp16,asset:17,FusedGdnGating,17,H200_Server/train,unsupported,TileSim 原生模型：don't support FusedGdnGating now,,,"[{""name"": ""a_log"", ""role"": ""input"", ""shape"": [8], ""dtype"": ""fp16"", ""expression"": ""[num_heads]""}, {""name"": ""a"", ""role"": ""input"", ""shape"": [2048, 8], ""dtype"": ""fp16"", ""expression"": ""[B * S, num_heads]""}, {""name"": ""b"", ""role"": ""input"", ""shape"": [2048, 8], ""dtype"": ""fp16"", ""expression"": ""[B * S, num_heads]""}, {""name"": ""dt_bias"", ""role"": ""input"", ""shape"": [8], ""dtype"": ""fp16"", ""expression"": ""[num_heads]""}]","{""B"": 1, ""S"": 2048}",,,4a0fcc9d9b7e49116390e0f26ffd982c6db4cff557a6d762620583e0f8337d79,10
tilesim-fp16,asset:3,FusedInferAttentionScore,3,H200_Server/train,unsupported,TileSim 原生模型：不支持的算子类型：OpType.FusedInferAttentionScore,,,"[{""name"": ""query"", ""role"": ""input"", ""shape"": [1, 32, 2048, 192], ""dtype"": ""fp16"", ""expression"": ""[B, num_attention_heads // tp_size, S, qk_head_dim]""}, {""name"": ""key"", ""role"": ""input"", ""shape"": [1, 8, 2048, 192], ""dtype"": ""fp16"", ""expression"": ""[B, num_key_value_heads // tp_size, kv_len, qk_head_dim]""}, {""name"": ""value"", ""role"": ""input"", ""shape"": [1, 8, 2048, 128], ""dtype"": ""fp16"", ""expression"": ""[B, num_key_value_heads // tp_size, kv_len, qk_nope_head_dim]""}, {""name"": ""pse_shift"", ""role"": ""input"", ""shape"": [1, 32, 2048, 2048], ""dtype"": ""fp16"", ""expression"": ""[B, num_attention_heads // tp_size, S, kv_len]""}, {""name"": ""atten_mask"", ""role"": ""input"", ""shape"": [2048, 2048], ""dtype"": ""bool"", ""expression"": ""[2048, 2048]""}, {""name"": ""actual_seq_lengths"", ""role"": ""input"", ""shape"": [1], ""dtype"": ""int64"", ""expression"": ""[B]""}, {""name"": ""actual_seq_lengths_kv"", ""role"": ""input"", ""shape"": [1], ""dtype"": ""int64"", ""expression"": ""[B]""}, {""name"": ""dequant_scale1"", ""role"": ""input"", ""shape"": [1, 32, 2048, 1], ""dtype"": ""fp32"", ""expression"": ""[B, num_attention_heads // tp_size, S, 1]""}, {""name"": ""quant_scale1"", ""role"": ""input"", ""shape"": [1, 32, 2048, 1], ""dtype"": ""fp32"", ""expression"": ""[B, num_attention_heads // tp_size, S, 1]""}, {""name"": ""dequant_scale2"", ""role"": ""input"", ""shape"": [1, 32, 2048, 1], ""dtype"": ""fp32"", ""expression"": ""[B, num_attention_heads // tp_size, S, 1]""}, {""name"": ""quant_scale2"", ""role"": ""input"", ""shape"": [1, 32, 2048, 1], ""dtype"": ""fp32"", ""expression"": ""[B, num_attention_heads // tp_size, S, 1]""}, {""name"": ""quant_offset2"", ""role"": ""input"", ""shape"": [1, 32, 2048, 1], ""dtype"": ""fp32"", ""expression"": ""[B, num_attention_heads // tp_size, S, 1]""}, {""name"": ""antiquant_scale"", ""role"": ""input"", ""shape"": [1, 8, 2048, 1], ""dtype"": ""fp16"", ""expression"": ""[B, num_key_value_heads // tp_size, kv_len, 1]""}, {""name"": ""antiquant_offset"", ""role"": ""input"", ""shape"": [1, 8, 2048, 1], ""dtype"": ""fp16"", ""expression"": ""[B, num_key_value_heads // tp_size, kv_len, 1]""}, {""name"": ""block_table"", ""role"": ""input"", ""shape"": [1, 8], ""dtype"": ""int32"", ""expression"": ""[B, max_num_blocks]""}, {""name"": ""query_padding_size"", ""role"": ""input"", ""shape"": [1], ""dtype"": ""int64"", ""expression"": ""[B]""}, {""name"": ""kv_padding_size"", ""role"": ""input"", ""shape"": [1], ""dtype"": ""int64"", ""expression"": ""[B]""}, {""name"": ""key_antiquant_scale"", ""role"": ""input"", ""shape"": [1, 8, 2048, 1], ""dtype"": ""fp16"", ""expression"": ""[B, num_key_value_heads // tp_size, kv_len, 1]""}, {""name"": ""key_antiquant_offset"", ""role"": ""input"", ""shape"": [1, 8, 2048, 1], ""dtype"": ""fp16"", ""expression"": ""[B, num_key_value_heads // tp_size, kv_len, 1]""}, {""name"": ""value_antiquant_scale"", ""role"": ""input"", ""shape"": [1, 8, 2048, 1], ""dtype"": ""fp16"", ""expression"": ""[B, num_key_value_heads // tp_size, kv_len, 1]""}, {""name"": ""value_antiquant_offset"", ""role"": ""input"", ""shape"": [1, 8, 2048, 1], ""dtype"": ""fp16"", ""expression"": ""[B, num_key_value_heads // tp_size, kv_len, 1]""}, {""name"": ""key_shared_prefix"", ""role"": ""input"", ""shape"": [1, 8, 2048, 192], ""dtype"": ""fp16"", ""expression"": ""[B, num_key_value_heads // tp_size, kv_len, qk_head_dim]""}, {""name"": ""value_shared_prefix"", ""role"": ""input"", ""shape"": [1, 8, 2048, 128], ""dtype"": ""fp16"", ""expression"": ""[B, num_key_value_heads // tp_size, kv_len, qk_nope_head_dim]""}, {""name"": ""actual_shared_prefix_len"", ""role"": ""input"", ""shape"": [1], ""dtype"": ""int64"", ""expression"": ""[B]""}, {""name"": ""query_rope"", ""role"": ""input"", ""shape"": [1, 32, 2048, 64], ""dtype"": ""fp16"", ""expression"": ""[B, num_attention_heads // tp_size, S, qk_rope_head_dim]""}, {""name"": ""key_rope"", ""role"": ""input"", ""shape"": [1, 8, 2048, 64], ""dtype"": ""fp16"", ""expression"": ""[B, num_key_value_heads // tp_size, kv_len, qk_rope_head_dim]""}, {""name"": ""key_rope_antiquant_scale"", ""role"": ""input"", ""shape"": [1, 8, 2048, 1], ""dtype"": ""fp16"", ""expression"": ""[B, num_key_value_heads // tp_size, kv_len, 1]""}, {""name"": ""dequant_scale_query"", ""role"": ""input"", ""shape"": [1, 32, 2048, 1], ""dtype"": ""fp32"", ""expression"": ""[B, num_attention_heads // tp_size, S, 1]""}, {""name"": ""learnable_sink"", ""role"": ""input"", ""shape"": [32], ""dtype"": ""fp16"", ""expression"": ""[num_attention_heads // tp_size]""}, {""name"": ""q_start_idx"", ""role"": ""input"", ""shape"": [1], ""dtype"": ""int64"", ""expression"": ""[1]""}, {""name"": ""kv_start_idx"", ""role"": ""input"", ""shape"": [1], ""dtype"": ""int64"", ""expression"": ""[1]""}]","{""num_attention_heads"": 32, ""num_key_value_heads"": 8, ""tp_size"": 1}",,,01772cfa665b7d9d8ca50972858083d2ea90204608a58fb75bf741b43d5398c5,10
tilesim-fp16,asset:47,GatedResidual,47,H200_Server/train,unsupported,TileSim 原生模型：don't support GatedResidual now,,,"[{""name"": ""hyper_state"", ""role"": ""input"", ""shape"": [1, 2048, 16384], ""dtype"": ""fp16"", ""expression"": ""[B, S, hc_count * hidden_size]""}, {""name"": ""block_output"", ""role"": ""input"", ""shape"": [1, 2048, 4096], ""dtype"": ""fp16"", ""expression"": ""[B, S, hidden_size]""}, {""name"": ""norm_scale"", ""role"": ""parameter"", ""shape"": [16384], ""dtype"": ""fp16"", ""expression"": ""[hc_count * hidden_size]""}, {""name"": ""down_inject_weight"", ""role"": ""parameter"", ""shape"": [324, 16384], ""dtype"": ""fp16"", ""expression"": ""[hc_lowrank + hc_count, hc_count * hidden_size]""}, {""name"": ""up_weight"", ""role"": ""parameter"", ""shape"": [16384, 320], ""dtype"": ""fp16"", ""expression"": ""[hc_count * hidden_size, hc_lowrank]""}]","{""hc_count"": 4}",,,6305843167d6285dd55ccdaff09477d633ed1a703734f56e17bb4b2fa85c14c0,10
tilesim-fp16,asset:18,GatherV2,18,H200_Server/train,succeeded,,4316.484983645555,0,"[{""name"": ""x"", ""role"": ""input"", ""shape"": [128256, 4096], ""dtype"": ""fp16"", ""expression"": ""[vocab_size, hidden_size]""}, {""name"": ""indices"", ""role"": ""input"", ""shape"": [1, 2048], ""dtype"": ""int64"", ""expression"": ""[B, S]""}, {""name"": ""axis"", ""role"": ""input"", ""shape"": [1], ""dtype"": ""int64"", ""expression"": ""[1]""}]","{""axis"": 0}",cost-engineering,80976cc4aef8c6113e512c92d4d4610285938981d0389a097579b73c8a313ef1,8f3422c76f0291e5dc0ba381bab9a490659a8248303cd43e3ff508877d9376f2,10
tilesim-fp16,asset:19,GemmaRmsNorm,19,H200_Server/train,unsupported,TileSim 原生模型：don't support GemmaRmsNorm now,,,"[{""name"": ""x"", ""role"": ""input"", ""shape"": [2048, 4096], ""dtype"": ""fp16"", ""expression"": ""[B * S, hidden_size]""}, {""name"": ""gamma"", ""role"": ""parameter"", ""shape"": [4096], ""dtype"": ""fp16"", ""expression"": ""[hidden_size]""}]","{""B"": 1, ""S"": 2048}",,,10ab39e89d0f7792f9b07718a57aea7abc118e65cac01e99c83c4379d4a60e9f,10
tilesim-fp16,asset:50,GroupMatMul,50,H200_Server/train,unsupported,TileSim 原生模型：don't support GroupMatMul now,,,"[{""name"": ""x"", ""role"": ""input"", ""shape"": [1, 2048, 4096], ""dtype"": ""fp16"", ""expression"": ""[B, S, hidden_size]""}, {""name"": ""weight"", ""role"": ""parameter"", ""shape"": [1, 2816, 4096], ""dtype"": ""fp16"", ""expression"": ""[expert_groups, 2 * moe_intermediate_size, hidden_size]""}]","{""moe_intermediate_size"": 1408}",,,dab2c76487ba1a19b758869a898957a93624da941ac715dcfafad3dce237234f,10
tilesim-fp16,asset:29,GroupedMatmul,29,H200_Server/train,unsupported,TileSim 原生模型：不支持的算子类型：OpType.GroupedMatmul,,,"[{""name"": ""x"", ""role"": ""input"", ""shape"": [2048, 4096], ""dtype"": ""fp16"", ""expression"": ""[B * S, hidden_size]""}, {""name"": ""weight"", ""role"": ""input"", ""shape"": [1, 4096, 1408], ""dtype"": ""fp16"", ""expression"": ""[expert_groups, hidden_size, moe_intermediate_size]""}, {""name"": ""bias"", ""role"": ""input"", ""shape"": [1, 1408], ""dtype"": ""fp16"", ""expression"": ""[expert_groups, moe_intermediate_size]""}, {""name"": ""scale"", ""role"": ""input"", ""shape"": [1], ""dtype"": ""uint64"", ""expression"": ""[expert_groups]""}, {""name"": ""offset"", ""role"": ""input"", ""shape"": [1], ""dtype"": ""fp32"", ""expression"": ""[expert_groups]""}, {""name"": ""antiquant_scale"", ""role"": ""input"", ""shape"": [1, 1408], ""dtype"": ""fp16"", ""expression"": ""[expert_groups, moe_intermediate_size]""}, {""name"": ""antiquant_offset"", ""role"": ""input"", ""shape"": [1, 1408], ""dtype"": ""fp16"", ""expression"": ""[expert_groups, moe_intermediate_size]""}, {""name"": ""group_list"", ""role"": ""input"", ""shape"": [1], ""dtype"": ""int64"", ""expression"": ""[expert_groups]""}, {""name"": ""per_token_scale"", ""role"": ""input"", ""shape"": [2048], ""dtype"": ""fp32"", ""expression"": ""[B * S]""}]","{""B"": 1, ""S"": 2048}",,,3ad65bb6688061852f62db3ccf01ae1f5ce47cb5de3168c8404dff70d59e9acc,10
tilesim-fp16,asset:30,GroupedMatmulSwigluQuantV2,30,H200_Server/train,unsupported,TileSim 不支持该算子/硬件/精度配置，或底层预测未返回有效结果,,,"[{""name"": ""x"", ""role"": ""input"", ""shape"": [2048, 4096], ""dtype"": ""fp8"", ""expression"": ""[B * S, hidden_size]""}, {""name"": ""x_scale"", ""role"": ""input"", ""shape"": [2048, 64, 2], ""dtype"": ""fp32"", ""expression"": ""[B * S, (hidden_size + 63) // 64, 2]""}, {""name"": ""group_list"", ""role"": ""input"", ""shape"": [1], ""dtype"": ""int64"", ""expression"": ""[expert_groups]""}, {""name"": ""weight"", ""role"": ""parameter"", ""shape"": [1, 2816, 4096], ""dtype"": ""fp8"", ""expression"": ""[expert_groups, 2 * moe_intermediate_size, hidden_size]""}, {""name"": ""weight_scale"", ""role"": ""parameter"", ""shape"": [1, 2816, 64, 2], ""dtype"": ""fp32"", ""expression"": ""[expert_groups, 2 * moe_intermediate_size, (hidden_size + 63) // 64, 2]""}, {""name"": ""weight_assist_matrix"", ""role"": ""parameter"", ""shape"": [1, 2816], ""dtype"": ""fp32"", ""expression"": ""[expert_groups, 2 * moe_intermediate_size]""}]","{""B"": 1, ""S"": 2048, ""moe_intermediate_size"": 1408}",,,619f55a0b193df55772f6e566d03d4ddde19d25d92020ae405ef5530dffff8a8,10
tilesim-fp16,asset:58,IndexCompressorEpilog,58,H200_Server/train,unsupported,TileSim 原生模型：don't support IndexCompressorEpilog now,,,"[{""name"": ""compressed_idx"", ""role"": ""input"", ""shape"": [1, 2048, 128], ""dtype"": ""fp16"", ""expression"": ""[B, S // compress_ratio, index_head_dim]""}]","{""S"": 2048, ""compress_ratio"": 1}",,,eb2791003a25091adbb133f68d014ead8726562e818bcc499882b103d7fc598d,10
tilesim-fp16,asset:59,IndexPrologV4,59,H200_Server/train,unsupported,TileSim 原生模型：don't support IndexPrologV4 now,,,"[{""name"": ""x"", ""role"": ""input"", ""shape"": [1, 2048, 4096], ""dtype"": ""fp16"", ""expression"": ""[B, S, hidden_size]""}, {""name"": ""qr"", ""role"": ""input"", ""shape"": [1, 2048, 1536], ""dtype"": ""fp8"", ""expression"": ""[B, S, q_lora_rank]""}, {""name"": ""weight_proj"", ""role"": ""parameter"", ""shape"": [32, 4096], ""dtype"": ""fp16"", ""expression"": ""[index_n_heads, hidden_size]""}, {""name"": ""q_b"", ""role"": ""parameter"", ""shape"": [4096, 1536], ""dtype"": ""fp8"", ""expression"": ""[index_n_heads * index_head_dim, q_lora_rank]""}]","{""index_head_dim"": 128}",,,ca9f62527a2669f8a6c9f8d7f863bf5ac9aa245ae6fc7a6a0814e7c15df47095,10
tilesim-fp16,asset:60,KVCompressorEpilog,60,H200_Server/train,unsupported,TileSim 原生模型：don't support KVCompressorEpilog now,,,"[{""name"": ""kv"", ""role"": ""input"", ""shape"": [1, 2048, 128], ""dtype"": ""fp16"", ""expression"": ""[B, S // compress_ratio, head_dim]""}]","{""S"": 2048, ""compress_ratio"": 1}",,,82e7794d51f45e992a02e00cd612b8a1933239d0b17715d40ea6fe58f214b03f,10
tilesim-fp16,asset:4,KvQuantSparseFlashAttention,4,H200_Server/train,unsupported,TileSim 不支持该算子/硬件/精度配置，或底层预测未返回有效结果,,,"[{""name"": ""query"", ""role"": ""input"", ""shape"": [1, 2048, 32, 576], ""dtype"": ""fp16"", ""expression"": ""[B, S, num_attention_heads // tp_size, kv_lora_rank + qk_rope_head_dim]""}, {""name"": ""key"", ""role"": ""input"", ""shape"": [1, 2048, 1, 576], ""dtype"": ""fp8"", ""expression"": ""[B, seq_len, 1, kv_lora_rank + qk_rope_head_dim]""}, {""name"": ""value"", ""role"": ""input"", ""shape"": [1, 2048, 1, 512], ""dtype"": ""fp8"", ""expression"": ""[B, seq_len, 1, kv_lora_rank]""}, {""name"": ""sparse_indices"", ""role"": ""input"", ""shape"": [1, 2048, 512], ""dtype"": ""int32"", ""expression"": ""[B, S, index_topk]""}]","{""num_attention_heads"": 32, ""qk_rope_head_dim"": 64, ""tp_size"": 1}",,,291ac3ede9665265b60a876d24be0a1f95e2ea0610f0d18f54d8626a4d0faaf4,10
tilesim-fp16,asset:20,LayerNormV4,20,H200_Server/train,unsupported,TileSim 原生模型：[TheoOp.<function BasicOperator.op_name at 0x10af572e0>]: inputs len must be 3,,,"[{""name"": ""x"", ""role"": ""input"", ""shape"": [1, 2048, 128], ""dtype"": ""fp32"", ""expression"": ""[B, S, index_head_dim]""}, {""name"": ""normalized_shape"", ""role"": ""input"", ""shape"": [1], ""dtype"": ""int64"", ""expression"": ""[1]""}]",{},,,a624230738b445ff49ef8be84428f0fc0ab6e4bf5e0a758c7520f81b00bca7d4,10
tilesim-fp16,asset:63,LightningIndexer,63,H200_Server/train,unsupported,TileSim 原生模型：LightningIndexer input size must be 6,,,"[{""name"": ""query"", ""role"": ""input"", ""shape"": [1, 2048, 32, 128], ""dtype"": ""fp8"", ""expression"": ""[B, S, index_n_heads, index_head_dim]""}, {""name"": ""key"", ""role"": ""input"", ""shape"": [1, 2048, 128], ""dtype"": ""fp8"", ""expression"": ""[B, seq_len // compress_ratio, index_head_dim]""}, {""name"": ""weights"", ""role"": ""input"", ""shape"": [1, 2048, 32], ""dtype"": ""fp16"", ""expression"": ""[B, S, index_n_heads]""}]","{""compress_ratio"": 1, ""seq_len"": 2048}",,,38092084a0ce74fe65b71fe960641f22593b733b1deb0eeb031c949d1d136df0,10
tilesim-fp16,asset:51,Linear,51,H200_Server/train,succeeded,,72.33796296296296,68719476736,"[{""name"": ""x"", ""role"": ""input"", ""shape"": [1, 2048, 4096], ""dtype"": ""fp16"", ""expression"": ""[B, S, hidden_size]""}, {""name"": ""weight"", ""role"": ""parameter"", ""shape"": [4096, 4096], ""dtype"": ""fp16"", ""expression"": ""[hidden_size, hidden_size]""}]",{},cost-theo,80976cc4aef8c6113e512c92d4d4610285938981d0389a097579b73c8a313ef1,b2a8585de56036d9f3b33e3449ec4cdbada7467c51e8b4ce6e20a53823ad30e2,10
tilesim-fp16,asset:54,MHCHead,54,H200_Server/train,unsupported,TileSim 原生模型：don't support MHCHead now,,,"[{""name"": ""x"", ""role"": ""input"", ""shape"": [1, 2048, 4, 4096], ""dtype"": ""fp16"", ""expression"": ""[B, S, hc_mult, hidden_size]""}, {""name"": ""hc_head_fn"", ""role"": ""parameter"", ""shape"": [4, 16384], ""dtype"": ""fp32"", ""expression"": ""[hc_mult, hc_mult * hidden_size]""}]",{},,,3e3c38180f761babeaf26a1affecadcf9d32c10d996c8b7b815d903949b31636,10
tilesim-fp16,asset:55,MHCPost,55,H200_Server/train,unsupported,TileSim 原生模型：don't support MHCPost now,,,"[{""name"": ""x"", ""role"": ""input"", ""shape"": [1, 2048, 4096], ""dtype"": ""fp16"", ""expression"": ""[B, S, hidden_size]""}, {""name"": ""residual"", ""role"": ""input"", ""shape"": [1, 2048, 4, 4096], ""dtype"": ""fp16"", ""expression"": ""[B, S, hc_mult, hidden_size]""}, {""name"": ""post"", ""role"": ""input"", ""shape"": [1, 2048, 4], ""dtype"": ""fp32"", ""expression"": ""[B, S, hc_mult]""}, {""name"": ""comb"", ""role"": ""input"", ""shape"": [1, 2048, 4, 4], ""dtype"": ""fp32"", ""expression"": ""[B, S, hc_mult, hc_mult]""}]",{},,,8321c47cd3099b1858855e0d730274e656ac9322cd229d7b0daaa3f7520b00aa,10
tilesim-fp16,asset:56,MHCPre,56,H200_Server/train,unsupported,TileSim 原生模型：don't support MHCPre now,,,"[{""name"": ""x"", ""role"": ""input"", ""shape"": [1, 2048, 4, 4096], ""dtype"": ""fp16"", ""expression"": ""[B, S, hc_mult, hidden_size]""}, {""name"": ""hc_fn"", ""role"": ""parameter"", ""shape"": [24, 16384], ""dtype"": ""fp32"", ""expression"": ""[(2+hc_mult)*hc_mult, hc_mult * hidden_size]""}]",{},,,21af6dbe5adcee8e3e191b4d6d2902f93a54d830c1612d40c8a5057c835e1700,10
tilesim-fp16,asset:61,MLAEpilogV4,61,H200_Server/train,unsupported,TileSim 原生模型：don't support MLAEpilogV4 now,,,"[{""name"": ""attn_out"", ""role"": ""input"", ""shape"": [1, 2048, 1, 4096], ""dtype"": ""fp16"", ""expression"": ""[B, S, o_groups, num_attention_heads * head_dim // o_groups]""}, {""name"": ""wo_a"", ""role"": ""parameter"", ""shape"": [1536, 4096], ""dtype"": ""fp16"", ""expression"": ""[o_groups * o_lora_rank // o_tp_size, num_attention_heads * head_dim // o_groups]""}, {""name"": ""wo_b"", ""role"": ""parameter"", ""shape"": [4096, 1536], ""dtype"": ""fp8"", ""expression"": ""[hidden_size, o_groups * o_lora_rank // o_tp_size]""}]","{""head_dim"": 128, ""num_attention_heads"": 32, ""o_lora_rank"": 1536, ""o_tp_size"": 1}",,,716a6f82988538edf3483487e5f8bef278aeb3aa9a33ca033dd9322935cc0dda,10
tilesim-fp16,asset:62,MLAPrologV4,62,H200_Server/train,unsupported,TileSim 原生模型：don't support MLAPrologV4 now,,,"[{""name"": ""x"", ""role"": ""input"", ""shape"": [1, 2048, 4096], ""dtype"": ""fp16"", ""expression"": ""[B, S, hidden_size]""}, {""name"": ""wq_a"", ""role"": ""parameter"", ""shape"": [1536, 4096], ""dtype"": ""fp16"", ""expression"": ""[q_lora_rank, hidden_size]""}, {""name"": ""wq_b"", ""role"": ""parameter"", ""shape"": [4096, 1536], ""dtype"": ""int8"", ""expression"": ""[num_attention_heads // tp_size * head_dim, q_lora_rank]""}, {""name"": ""wkv"", ""role"": ""parameter"", ""shape"": [128, 4096], ""dtype"": ""fp16"", ""expression"": ""[head_dim, hidden_size]""}]","{""num_attention_heads"": 32, ""tp_size"": 1}",,,338cf7592ca89381e95b0931b07a93436e9abc0709765d736bef6b5773c0513d,10
tilesim-fp16,asset:52,MatMul,52,H200_Server/train,succeeded,,194.40827546296296,68719476736,"[{""name"": ""x"", ""role"": ""input"", ""shape"": [1, 2048, 4096], ""dtype"": ""fp16"", ""expression"": ""[B, S, hidden_size]""}, {""name"": ""weight"", ""role"": ""parameter"", ""shape"": [11008, 4096], ""dtype"": ""fp16"", ""expression"": ""[intermediate_size, hidden_size]""}]",{},cost-theo,80976cc4aef8c6113e512c92d4d4610285938981d0389a097579b73c8a313ef1,ec1df0d3e51119ea7b489427cf39d102c8e5be2b72d0f7fc8944630ee78d4c25,10
tilesim-fp16,asset:7,MatMulV3,7,H200_Server/train,succeeded,,194.40827546296296,184683593728,"[{""name"": ""x1"", ""role"": ""input"", ""shape"": [2048, 4096], ""dtype"": ""fp16"", ""expression"": ""[B * S, hidden_size]""}, {""name"": ""x2"", ""role"": ""parameter"", ""shape"": [11008, 4096], ""dtype"": ""fp16"", ""expression"": ""[intermediate_size, hidden_size]""}]","{""B"": 1, ""S"": 2048}",cost-theo,80976cc4aef8c6113e512c92d4d4610285938981d0389a097579b73c8a313ef1,3950c99fca9d71c29179f0a371e91e98afc05c3c1e7361bb28e97e5c9d6d920c,10
tilesim-fp16,asset:31,MlaPrologV3,31,H200_Server/train,unsupported,TileSim 不支持该算子/硬件/精度配置，或底层预测未返回有效结果,,,"[{""name"": ""token_x"", ""role"": ""input"", ""shape"": [1, 2048, 4096], ""dtype"": ""fp16"", ""expression"": ""[B, S, hidden_size]""}, {""name"": ""weight_dq"", ""role"": ""input"", ""shape"": [4096, 1536], ""dtype"": ""fp16"", ""expression"": ""[hidden_size, q_lora_rank]""}, {""name"": ""weight_uq_qr"", ""role"": ""input"", ""shape"": [1536, 18432], ""dtype"": ""fp16"", ""expression"": ""[q_lora_rank, num_attention_heads // tp_size * (kv_lora_rank + qk_rope_head_dim)]""}, {""name"": ""weight_uk"", ""role"": ""input"", ""shape"": [32, 128, 512], ""dtype"": ""fp16"", ""expression"": ""[num_attention_heads // tp_size, qk_nope_head_dim, kv_lora_rank]""}, {""name"": ""weight_dkv_kr"", ""role"": ""input"", ""shape"": [4096, 576], ""dtype"": ""fp16"", ""expression"": ""[hidden_size, kv_lora_rank + qk_rope_head_dim]""}, {""name"": ""rmsnorm_gamma_cq"", ""role"": ""input"", ""shape"": [1536], ""dtype"": ""fp16"", ""expression"": ""[q_lora_rank]""}, {""name"": ""rmsnorm_gamma_ckv"", ""role"": ""input"", ""shape"": [512], ""dtype"": ""fp16"", ""expression"": ""[kv_lora_rank]""}, {""name"": ""rope_sin"", ""role"": ""input"", ""shape"": [1, 2048, 64], ""dtype"": ""fp16"", ""expression"": ""[B, S, qk_rope_head_dim]""}, {""name"": ""rope_cos"", ""role"": ""input"", ""shape"": [1, 2048, 64], ""dtype"": ""fp16"", ""expression"": ""[B, S, qk_rope_head_dim]""}, {""name"": ""kv_cache"", ""role"": ""input"", ""shape"": [1, 1, 2048, 512], ""dtype"": ""fp16"", ""expression"": ""[B, 1, seq_len, kv_lora_rank]""}, {""name"": ""kr_cache"", ""role"": ""input"", ""shape"": [1, 1, 2048, 64], ""dtype"": ""fp16"", ""expression"": ""[B, 1, seq_len, qk_rope_head_dim]""}]","{""num_attention_heads"": 32, ""tp_size"": 1}",,,8503ac926c7efa8ccb28350d52f73ead7cb5340ff2cea95b2cf95b520ed3269d,10
tilesim-fp16,asset:39,MoECombine,39,H200_Server/train,unsupported,TileSim 原生模型：don't support MoECombine now,,,"[{""name"": ""expert_out"", ""role"": ""input"", ""shape"": [8, 1, 2048, 4096], ""dtype"": ""fp16"", ""expression"": ""[top_k, B, S, hidden_size]""}, {""name"": ""expert_ids"", ""role"": ""input"", ""shape"": [1, 2048, 8], ""dtype"": ""int32"", ""expression"": ""[B, S, top_k]""}]",{},,,3cfd5d31d22468bcade6a90448d8bbc000c4b89b79181cde5818ac8c238e74ef,10
tilesim-fp16,asset:40,MoEDispatch,40,H200_Server/train,unsupported,TileSim 原生模型：don't support MoEDispatch now,,,"[{""name"": ""x"", ""role"": ""input"", ""shape"": [1, 2048, 4096], ""dtype"": ""fp16"", ""expression"": ""[B, S, hidden_size]""}, {""name"": ""expert_ids"", ""role"": ""input"", ""shape"": [1, 2048, 8], ""dtype"": ""int32"", ""expression"": ""[B, S, top_k]""}]",{},,,e675dcfdd4db342c7fc8882ea594877455fd1495e29ad3206512ad4a35ffd0c6,10
tilesim-fp16,asset:64,MoEGate,64,H200_Server/train,unsupported,TileSim 原生模型：don't support MoEGate now,,,"[{""name"": ""x"", ""role"": ""input"", ""shape"": [1, 2048, 4096], ""dtype"": ""fp16"", ""expression"": ""[B, S, hidden_size]""}, {""name"": ""gate_weight"", ""role"": ""parameter"", ""shape"": [64, 4096], ""dtype"": ""fp32"", ""expression"": ""[num_experts, hidden_size]""}]",{},,,3a38848ecc017db35fc3d862c8146626b6c3af3aabd42009d66eb3cc870d7d99,10
tilesim-fp16,asset:65,MoEGateHashTopK,65,H200_Server/train,unsupported,TileSim 原生模型：don't support MoEGateHashTopK now,,,"[{""name"": ""x"", ""role"": ""input"", ""shape"": [1, 2048, 4096], ""dtype"": ""fp16"", ""expression"": ""[B, S, hidden_size]""}, {""name"": ""token_ids"", ""role"": ""input"", ""shape"": [1, 2048], ""dtype"": ""int64"", ""expression"": ""[B, S]""}, {""name"": ""gate_weight"", ""role"": ""parameter"", ""shape"": [64, 4096], ""dtype"": ""fp32"", ""expression"": ""[num_experts, hidden_size]""}]","{""top_k"": 8}",,,5878f9b6c1159280c504037e712e19d0f41d4cc3673f48881031a926f68acfbd,10
tilesim-fp16,asset:66,MoEGateTopK,66,H200_Server/train,unsupported,TileSim 原生模型：don't support MoEGateTopK now,,,"[{""name"": ""x"", ""role"": ""input"", ""shape"": [1, 2048, 4096], ""dtype"": ""fp16"", ""expression"": ""[B, S, hidden_size]""}, {""name"": ""gate_weight"", ""role"": ""parameter"", ""shape"": [64, 4096], ""dtype"": ""fp32"", ""expression"": ""[num_experts, hidden_size]""}]","{""top_k"": 8}",,,e0732e4b1066ca0072b1f7b2ae61c42223f3d66f6c7164c3e603a1812cec78bf,10
tilesim-fp16,asset:67,MoETopK,67,H200_Server/train,unsupported,TileSim 原生模型：don't support MoETopK now,,,"[{""name"": ""scores"", ""role"": ""input"", ""shape"": [1, 2048, 64], ""dtype"": ""fp16"", ""expression"": ""[B, S, num_experts]""}]","{""top_k"": 8}",,,1f2ae82b9b02c1f7c9835783bc1fa58f39724160247520e03d01704f54233eba,10
tilesim-fp16,asset:34,MoeDistributeCombineV3,34,H200_Server/train,unsupported,TileSim 原生模型：don't support MoeDistributeCombineV3 now,,,"[{""name"": ""context"", ""role"": ""input"", ""shape"": [1], ""dtype"": ""int64"", ""expression"": ""[1]""}, {""name"": ""expand_x"", ""role"": ""input"", ""shape"": [8, 1, 2048, 4096], ""dtype"": ""fp16"", ""expression"": ""[top_k, B, S, hidden_size]""}, {""name"": ""expert_ids"", ""role"": ""input"", ""shape"": [1, 2048, 8], ""dtype"": ""int32"", ""expression"": ""[B, S, top_k]""}, {""name"": ""assist_info_for_combine"", ""role"": ""input"", ""shape"": [1, 2048, 8], ""dtype"": ""int32"", ""expression"": ""[B, S, top_k]""}, {""name"": ""ep_send_counts"", ""role"": ""input"", ""shape"": [1], ""dtype"": ""int32"", ""expression"": ""[ep_size]""}, {""name"": ""expert_scales"", ""role"": ""input"", ""shape"": [1, 2048, 8], ""dtype"": ""fp32"", ""expression"": ""[B, S, top_k]""}]",{},,,3ebcde675a804bc3ac985c3bd0ac39632b0bde491ef38e4c625cc685a55aa5f2,10
tilesim-fp16,asset:35,MoeDistributeDispatchV3,35,H200_Server/train,unsupported,TileSim 原生模型：don't support MoeDistributeDispatchV3 now,,,"[{""name"": ""context"", ""role"": ""input"", ""shape"": [1], ""dtype"": ""int64"", ""expression"": ""[1]""}, {""name"": ""x"", ""role"": ""input"", ""shape"": [1, 2048, 4096], ""dtype"": ""fp16"", ""expression"": ""[B, S, hidden_size]""}, {""name"": ""expert_ids"", ""role"": ""input"", ""shape"": [1, 2048, 8], ""dtype"": ""int32"", ""expression"": ""[B, S, top_k]""}]","{""ep_size"": 1, ""n_routed_experts"": 64, ""tp_size"": 1}",,,7c1f77e11efe20f064ba8de757dd40ea5935d06255998a53811fd2920e687fa0,10
tilesim-fp16,asset:33,MoeGatingTopK,33,H200_Server/train,unsupported,TileSim 原生模型：不支持的算子类型：OpType.MoeGatingTopK,,,"[{""name"": ""x"", ""role"": ""input"", ""shape"": [2048, 64], ""dtype"": ""fp16"", ""expression"": ""[B * S, num_experts]""}]","{""B"": 1, ""S"": 2048, ""top_k"": 8}",,,7ee9a6e96dee70c8adcd339e109b8716180bce4b12757e1d7fe70012f8ee26a5,10
tilesim-fp16,asset:21,Mul,21,H200_Server/train,succeeded,,616.8200508086941,8388608,"[{""name"": ""x1"", ""role"": ""input"", ""shape"": [1, 2048, 4096], ""dtype"": ""fp16"", ""expression"": ""[B, S, hidden_size]""}, {""name"": ""x2"", ""role"": ""input"", ""shape"": [1, 2048, 4096], ""dtype"": ""fp16"", ""expression"": ""[B, S, hidden_size]""}]",{},cost-theo,80976cc4aef8c6113e512c92d4d4610285938981d0389a097579b73c8a313ef1,5a5cfecc0f764a68da1a672fc0efcb10bf849097e5d7777225974a4f72905df3,10
tilesim-fp16,asset:71,PLELayer,71,H200_Server/train,unsupported,TileSim 原生模型：don't support PLELayer now,,,"[{""name"": ""input_ids"", ""role"": ""input"", ""shape"": [1, 2048], ""dtype"": ""int32"", ""expression"": ""[B, S]""}, {""name"": ""hyper_state"", ""role"": ""input"", ""shape"": [1, 2048, 16384], ""dtype"": ""fp16"", ""expression"": ""[B, S, hc_count * hidden_size]""}, {""name"": ""ngram_embedding"", ""role"": ""parameter"", ""shape"": [65536, 160], ""dtype"": ""fp16"", ""expression"": ""[ngram_vocab_size_base * (ngram_size - 1) * heads_per_ngram, ple_embed_dim // ((ngram_size - 1) * heads_per_ngram)]""}, {""name"": ""key_weight"", ""role"": ""parameter"", ""shape"": [16384, 2560], ""dtype"": ""fp16"", ""expression"": ""[hc_count * hidden_size, ple_embed_dim]""}, {""name"": ""value_weight"", ""role"": ""parameter"", ""shape"": [4096, 2560], ""dtype"": ""fp16"", ""expression"": ""[hidden_size, ple_embed_dim]""}]","{""hc_count"": 4, ""heads_per_ngram"": 8, ""ngram_size"": 3, ""ngram_vocab_size_base"": 4096, ""ple_conv_kernel_size"": 4}",,,6dc3b04fa37b04cca4c0518e8e50db2a71caae3daacf65355cd80f5baca36f83,10
tilesim-fp16,asset:74,QSAIndexer,74,H200_Server/train,unsupported,TileSim 原生模型：don't support QSAIndexer now,,,"[{""name"": ""x"", ""role"": ""input"", ""shape"": [1, 2048, 4096], ""dtype"": ""fp16"", ""expression"": ""[B, S, hidden_size]""}, {""name"": ""index_qk_weight"", ""role"": ""parameter"", ""shape"": [640, 4096], ""dtype"": ""fp16"", ""expression"": ""[(indexer_n_heads + indexer_kv_heads) * indexer_head_dim, hidden_size]""}, {""name"": ""q_norm_scale"", ""role"": ""parameter"", ""shape"": [128], ""dtype"": ""fp16"", ""expression"": ""[indexer_head_dim]""}, {""name"": ""k_norm_scale"", ""role"": ""parameter"", ""shape"": [128], ""dtype"": ""fp16"", ""expression"": ""[indexer_head_dim]""}]","{""indexer_budget"": 512, ""indexer_compress_ratio"": 4, ""indexer_kv_heads"": 1, ""indexer_n_heads"": 4, ""kv_len"": 2048}",,,1a22b2f67d0773c0273126c94c81d83e85bd880bba71256797beb2cc55b8d117,10
tilesim-fp16,asset:8,QuantBatchMatmulV3,8,H200_Server/train,unsupported,TileSim 不支持该算子/硬件/精度配置，或底层预测未返回有效结果,,,"[{""name"": ""x1"", ""role"": ""input"", ""shape"": [2048, 4096], ""dtype"": ""fp8"", ""expression"": ""[B * S, hidden_size]""}, {""name"": ""x2"", ""role"": ""parameter"", ""shape"": [11008, 4096], ""dtype"": ""fp8"", ""expression"": ""[intermediate_size, hidden_size]""}, {""name"": ""scale"", ""role"": ""parameter"", ""shape"": [1], ""dtype"": ""fp32"", ""expression"": ""[1]""}]","{""B"": 1, ""S"": 2048}",,,a4a2fd0bdbff46640114281f41dbd2d612f8e9d4c71886fffc90dbcdd23da075,10
tilesim-fp16,asset:32,QuantLightningIndexer,32,H200_Server/train,unsupported,TileSim 不支持该算子/硬件/精度配置，或底层预测未返回有效结果,,,"[{""name"": ""query"", ""role"": ""input"", ""shape"": [1, 2048, 32, 128], ""dtype"": ""int8"", ""expression"": ""[B, S, num_attention_heads, head_dim]""}, {""name"": ""key"", ""role"": ""input"", ""shape"": [1, 2048, 1, 128], ""dtype"": ""int8"", ""expression"": ""[B, S, 1, head_dim]""}, {""name"": ""weights"", ""role"": ""input"", ""shape"": [1, 2048, 32], ""dtype"": ""fp16"", ""expression"": ""[B, S, num_attention_heads]""}, {""name"": ""query_dequant_scale"", ""role"": ""input"", ""shape"": [1, 2048, 32], ""dtype"": ""fp16"", ""expression"": ""[B, S, num_attention_heads]""}, {""name"": ""key_dequant_scale"", ""role"": ""input"", ""shape"": [1, 2048, 1], ""dtype"": ""fp16"", ""expression"": ""[B, S, 1]""}]","{""sparse_count"": 512}",,,3981d5f48838754a5be9323510016c755593f044a9a27ebcae8087894bd0491a,10
tilesim-fp16,asset:69,RMSNormGated,69,H200_Server/train,unsupported,TileSim 原生模型：don't support RMSNormGated now,,,"[{""name"": ""x"", ""role"": ""input"", ""shape"": [1, 2048, 4096], ""dtype"": ""fp16"", ""expression"": ""[B, S, hidden_size]""}, {""name"": ""gate"", ""role"": ""input"", ""shape"": [1, 2048, 4096], ""dtype"": ""fp16"", ""expression"": ""[B, S, hidden_size]""}, {""name"": ""weight"", ""role"": ""parameter"", ""shape"": [4096], ""dtype"": ""fp16"", ""expression"": ""[hidden_size]""}]",{},,,ce9eb33127e7470819cb8e940422e9a99feb5d2863987f1f9e6cf8c2b4b3db38,10
tilesim-fp16,asset:70,RMSNormQuant,70,H200_Server/train,unsupported,TileSim 原生模型：don't support RMSNormQuant now,,,"[{""name"": ""x"", ""role"": ""input"", ""shape"": [1, 2048, 4096], ""dtype"": ""fp16"", ""expression"": ""[B, S, hidden_size]""}]",{},,,c4aa46da7d1cc5225809f1566ea5366305b783f7e58fb15b9bad7598ad40ad0e,10
tilesim-fp16,asset:22,RmsNorm,22,H200_Server/train,succeeded,,352.0969457635181,50331648,"[{""name"": ""x"", ""role"": ""input"", ""shape"": [2048, 4096], ""dtype"": ""fp16"", ""expression"": ""[B * S, hidden_size]""}, {""name"": ""gamma"", ""role"": ""parameter"", ""shape"": [4096], ""dtype"": ""fp16"", ""expression"": ""[hidden_size]""}]","{""B"": 1, ""S"": 2048}",cost-theo,80976cc4aef8c6113e512c92d4d4610285938981d0389a097579b73c8a313ef1,e56090d3e080b972bb15c76b59324ffd39556c56cea692e7a66970291ad6d23f,10
tilesim-fp16,asset:72,RopeComplex,72,H200_Server/train,unsupported,TileSim 原生模型：don't support RopeComplex now,,,"[{""name"": ""x"", ""role"": ""input"", ""shape"": [1, 2048, 32, 128], ""dtype"": ""fp16"", ""expression"": ""[B, S, num_attention_heads // tp_size, head_dim]""}]","{""num_attention_heads"": 32, ""tp_size"": 1}",,,077b39a3ebc4842ab4e2600f417f758e4417a7183709979262b6972758798b9c,10
tilesim-fp16,asset:73,RopeInterLeave,73,H200_Server/train,unsupported,TileSim 原生模型：don't support RopeInterLeave now,,,"[{""name"": ""q"", ""role"": ""input"", ""shape"": [1, 2048, 32, 128], ""dtype"": ""fp16"", ""expression"": ""[B, S, num_attention_heads // tp_size, head_dim]""}, {""name"": ""k"", ""role"": ""input"", ""shape"": [1, 2048, 32, 128], ""dtype"": ""fp16"", ""expression"": ""[B, S, num_attention_heads // tp_size, head_dim]""}]","{""num_attention_heads"": 32, ""tp_size"": 1}",,,f6adf3960014523e2286676540ca701366dfbf48595676063aea158babde13fc,10
tilesim-fp16,asset:53,RowParallelLinear,53,H200_Server/train,succeeded,,194.40827546296296,184683593728,"[{""name"": ""x_shard"", ""role"": ""input"", ""shape"": [1, 2048, 4096], ""dtype"": ""fp16"", ""expression"": ""[B, S, hidden_size]""}, {""name"": ""weight_shard"", ""role"": ""parameter"", ""shape"": [11008, 4096], ""dtype"": ""fp16"", ""expression"": ""[intermediate_dim, hidden_size]""}]",{},cost-theo,80976cc4aef8c6113e512c92d4d4610285938981d0389a097579b73c8a313ef1,dbf913423ad26c6ce0fb793254897f0d1dd3db018092edd2730ed8af4dc6b886,10
tilesim-fp16,asset:46,START,46,H200_Server/train,unsupported,该资产不属于两种方法的单算子建模范围,,,"[{""name"": ""out"", ""role"": ""input"", ""shape"": [1, 2048, 4096], ""dtype"": ""fp16"", ""expression"": ""[B, S, hidden_size]""}]",{},,,357c88ec90c4e2693cb0e43841e34d7f82396f91b8ae77de050e73b922589c36,10
tilesim-fp16,asset:23,ScatterNdUpdate,23,H200_Server/train,unsupported,"TileSim 原生模型：<DType.FP8: (1, 'FP8')>",,,"[{""name"": ""var"", ""role"": ""input"", ""shape"": [1, 2048, 128], ""dtype"": ""fp8"", ""expression"": ""[B, seq_len, index_head_dim]""}, {""name"": ""indices"", ""role"": ""input"", ""shape"": [1, 2048], ""dtype"": ""int32"", ""expression"": ""[B, S]""}, {""name"": ""updates"", ""role"": ""input"", ""shape"": [1, 2048, 128], ""dtype"": ""fp8"", ""expression"": ""[B, S, index_head_dim]""}]",{},,,433e0069083a484af0e9c9e5a2392fb6ebbf8502ef578ffb9324971e303cc807,10
tilesim-fp16,asset:24,Sigmoid,24,H200_Server/train,succeeded,,351.9896054746313,33554432,"[{""name"": ""x"", ""role"": ""input"", ""shape"": [1, 2048, 4096], ""dtype"": ""fp16"", ""expression"": ""[B, S, hidden_size]""}]",{},cost-theo,80976cc4aef8c6113e512c92d4d4610285938981d0389a097579b73c8a313ef1,32e229d3a25b7f4251f1c1be583bb28b0266dd5cee9c86c1ab13556f438c4528,10
tilesim-fp16,asset:36,SituAndMul,36,H200_Server/train,unsupported,TileSim 原生模型：don't support SituAndMul now,,,"[{""name"": ""x"", ""role"": ""input"", ""shape"": [1, 2048, 22016], ""dtype"": ""fp32"", ""expression"": ""[B, S, 2 * intermediate_size]""}]","{""intermediate_size"": 11008}",,,aef37ee6a206d4b4ba7c9d6cc5e682d7e8248362417270822dbb31c076943298,10
tilesim-fp16,asset:5,SparseAttnSharedkv,5,H200_Server/train,unsupported,TileSim 原生模型：SparseAttnSharedkv input size must larger then 5,,,"[{""name"": ""q"", ""role"": ""input"", ""shape"": [1, 2048, 32, 128], ""dtype"": ""fp16"", ""expression"": ""[B, S, num_attention_heads, head_dim]""}, {""name"": ""ori_kv"", ""role"": ""input"", ""shape"": [1, 128, 1, 128], ""dtype"": ""fp16"", ""expression"": ""[B, sliding_window, 1, head_dim]""}, {""name"": ""cmp_kv"", ""role"": ""input"", ""shape"": [1, 512, 1, 128], ""dtype"": ""fp16"", ""expression"": ""[B, cmp_len, 1, head_dim]""}]",{},,,16a108dee760217e7f1d7567ef1128f4fa58efd23e58ab117ace2ab58ceb4664,10
tilesim-fp16,asset:6,SparseFlashAttention,6,H200_Server/train,unsupported,TileSim 原生模型：SparseFlashAttention input size must be 9,,,"[{""name"": ""query"", ""role"": ""input"", ""shape"": [1, 2048, 32, 128], ""dtype"": ""fp16"", ""expression"": ""[B, S, num_attention_heads, head_dim]""}, {""name"": ""key"", ""role"": ""input"", ""shape"": [1, 2048, 1, 128], ""dtype"": ""fp16"", ""expression"": ""[B, seq_len, 1, head_dim]""}, {""name"": ""value"", ""role"": ""input"", ""shape"": [1, 2048, 1, 128], ""dtype"": ""fp16"", ""expression"": ""[B, seq_len, 1, head_dim]""}, {""name"": ""sparse_indices"", ""role"": ""input"", ""shape"": [1, 2048, 512], ""dtype"": ""int32"", ""expression"": ""[B, S, index_topk]""}]",{},,,51c7d219cde799b362443dd5793af925a6b0ae2ed431717fa6fa6908f73b81e6,10
tilesim-fp16,asset:76,SparseIndexSelect,76,H200_Server/train,unsupported,TileSim 原生模型：don't support SparseIndexSelect now,,,"[{""name"": ""l2_scores_reduced"", ""role"": ""input"", ""shape"": [1, 2048, 1024], ""dtype"": ""fp16"", ""expression"": ""[B, S, seq_len // 2]""}]","{""index_topk"": 512, ""seq_len"": 2048}",,,59ff199c66959e67b4aa6cc21b2e1988100907c4ba5e902ddb73ce24c93092aa,10
tilesim-fp16,asset:25,SwiGlu,25,H200_Server/train,succeeded,,3081.1679327397264,22544384,"[{""name"": ""x"", ""role"": ""input"", ""shape"": [1, 2048, 22016], ""dtype"": ""fp16"", ""expression"": ""[B, S, 2 * intermediate_size]""}]","{""intermediate_size"": 11008}",cost-theo,80976cc4aef8c6113e512c92d4d4610285938981d0389a097579b73c8a313ef1,02d41798a2f0109d1641c857b56486784a6f9d6ed04d888f00f16a87d56f796f,10
tilesim-fp16,asset:26,SwiGluQuant,26,H200_Server/train,unsupported,TileSim 原生模型：don't support SwiGluQuant now,,,"[{""name"": ""x"", ""role"": ""input"", ""shape"": [2048, 22016], ""dtype"": ""fp16"", ""expression"": ""[B * S, 2 * intermediate_size]""}]","{""B"": 1, ""S"": 2048, ""intermediate_size"": 11008}",,,4289f4c26a6af13c3a184d18e9fddb5f26c480c1970eace7f7dc344dfc2e5d34,10
tilesim-fp16,asset:27,SwigluGroupQuant,27,H200_Server/train,unsupported,TileSim 原生模型：don't support SwigluGroupQuant now,,,"[{""name"": ""x"", ""role"": ""input"", ""shape"": [2048, 2816], ""dtype"": ""fp16"", ""expression"": ""[routed_tokens_per_rank, 2 * moe_intermediate_size]""}]","{""moe_intermediate_size"": 1408}",,,5518457f646e00833d1155636ead3c9128b0cfd1b7e52ad82b8ba1c676ee37ce,10
tilesim-fp16,asset:77,TorchAdd,77,H200_Server/train,succeeded,,616.8200508086941,8388608,"[{""name"": ""a"", ""role"": ""input"", ""shape"": [1, 2048, 4096], ""dtype"": ""fp16"", ""expression"": ""[B, S, hidden_size]""}, {""name"": ""b"", ""role"": ""input"", ""shape"": [1, 2048, 4096], ""dtype"": ""fp16"", ""expression"": ""[B, S, hidden_size]""}]",{},cost-theo,80976cc4aef8c6113e512c92d4d4610285938981d0389a097579b73c8a313ef1,417573b40af4f1dbd75426a34c5da6c257b3851052a619f8c41e14ac21b00355,10
tilesim-fp16,asset:78,TorchCos,78,H200_Server/train,unsupported,TileSim 原生模型：don't support TorchCos now,,,"[{""name"": ""x"", ""role"": ""input"", ""shape"": [1, 2048, 4096], ""dtype"": ""fp16"", ""expression"": ""[B, S, hidden_size]""}]",{},,,ae69b5663fa682f20875fde148d229b7efe7f999cbd288b3930eea05dc5b711c,10
tilesim-fp16,asset:79,TorchCumsum,79,H200_Server/train,succeeded,,24234.466159596323,8388608,"[{""name"": ""x"", ""role"": ""input"", ""shape"": [1, 2048, 4096], ""dtype"": ""fp16"", ""expression"": ""[B, S, hidden_size]""}]","{""axis"": -1}",cost-engineering,80976cc4aef8c6113e512c92d4d4610285938981d0389a097579b73c8a313ef1,9d533b2f77d929fe638f8d1bce526ab17e6227c49da028cf17ed7985cf05b701,10
tilesim-fp16,asset:80,TorchMm,80,H200_Server/train,succeeded,,2.2605613425925926,268435456,"[{""name"": ""a"", ""role"": ""input"", ""shape"": [1024, 512], ""dtype"": ""fp16"", ""expression"": ""[M, K]""}, {""name"": ""b"", ""role"": ""input"", ""shape"": [512, 256], ""dtype"": ""fp16"", ""expression"": ""[K, N]""}]",{},cost-theo,80976cc4aef8c6113e512c92d4d4610285938981d0389a097579b73c8a313ef1,c52595627e0ca0d0e7ca9a68f7ed86eeb7cf949f22351b0f6fc690e8060967e6,10
tilesim-fp16,asset:81,TorchMul,81,H200_Server/train,succeeded,,616.8200508086941,8388608,"[{""name"": ""a"", ""role"": ""input"", ""shape"": [1, 2048, 4096], ""dtype"": ""fp16"", ""expression"": ""[B, S, hidden_size]""}, {""name"": ""b"", ""role"": ""input"", ""shape"": [1, 2048, 4096], ""dtype"": ""fp16"", ""expression"": ""[B, S, hidden_size]""}]",{},cost-theo,80976cc4aef8c6113e512c92d4d4610285938981d0389a097579b73c8a313ef1,5fc497fc03d461b81b5c111620ac3a5098b83f184a55e5a89807715d49c44cff,10
tilesim-fp16,asset:82,TorchSin,82,H200_Server/train,unsupported,TileSim 原生模型：don't support TorchSin now,,,"[{""name"": ""x"", ""role"": ""input"", ""shape"": [1, 2048, 4096], ""dtype"": ""fp16"", ""expression"": ""[B, S, hidden_size]""}]",{},,,c99df20107e854274c012b5a7f7e65bc50c20461ab7c8c3188b827597ff0bc1c,10
tilesim-fp16,asset:83,TorchSoftmax,83,H200_Server/train,succeeded,,351.98954233411774,33554432,"[{""name"": ""x"", ""role"": ""input"", ""shape"": [1, 2048, 4096], ""dtype"": ""fp16"", ""expression"": ""[B, S, hidden_size]""}]",{},cost-theo,80976cc4aef8c6113e512c92d4d4610285938981d0389a097579b73c8a313ef1,813d8123002aa700dfa939c5f97f0767f4a220a0415a7f94038377fb081caeb1,10
tilesim-fp16,asset:84,TorchSort,84,H200_Server/train,unsupported,TileSim 原生模型：don't support TorchSort now,,,"[{""name"": ""x"", ""role"": ""input"", ""shape"": [1, 2048, 4096], ""dtype"": ""fp16"", ""expression"": ""[B, S, hidden_size]""}]",{},,,e604e9f1a5a1c551428543ee8deb2f1bfb16e47b359c60ba89d78cf2e785d0b0,10
tilesim-fp16,asset:85,TorchSum,85,H200_Server/train,succeeded,,281.424973376239,4096,"[{""name"": ""x"", ""role"": ""input"", ""shape"": [1, 2048, 4096], ""dtype"": ""fp16"", ""expression"": ""[B, S, hidden_size]""}]","{""axis"": 1}",cost-theo,80976cc4aef8c6113e512c92d4d4610285938981d0389a097579b73c8a313ef1,5afa517ece47d754a053cd6dceb421de8f034041cedffc94a676b54b45288beb,10
tilesim-fp16,asset:28,Transpose,28,H200_Server/train,succeeded,,351.98954233411774,0,"[{""name"": ""x"", ""role"": ""input"", ""shape"": [1, 2048, 4096], ""dtype"": ""fp16"", ""expression"": ""[B, S, hidden_size]""}, {""name"": ""perm"", ""role"": ""input"", ""shape"": [3], ""dtype"": ""int64"", ""expression"": ""[3]""}]","{""permutation"": [0, 2, 1]}",cost-theo,80976cc4aef8c6113e512c92d4d4610285938981d0389a097579b73c8a313ef1,7c362552e7dbfb82549b3d11727564bc8497e17af3bbc6deab6fa750b1ba5ec4,10
tilesim-fp16,asset:9,TransposeBatchMatMul,9,H200_Server/train,succeeded,,1511.1689391726766,184683593728,"[{""name"": ""x1"", ""role"": ""input"", ""shape"": [1, 2048, 4096], ""dtype"": ""fp16"", ""expression"": ""[B, S, hidden_size]""}, {""name"": ""x2"", ""role"": ""parameter"", ""shape"": [1, 4096, 11008], ""dtype"": ""fp16"", ""expression"": ""[B, hidden_size, intermediate_size]""}]",{},cost-engineering,80976cc4aef8c6113e512c92d4d4610285938981d0389a097579b73c8a313ef1,70b5ef2434b0a20ce258c7c5ee23ea8f6d1cc9c30201924c5fe23bbf36d68684,10
tilesim-fp16,asset:86,VisionEncoderBlock,86,H200_Server/train,unsupported,TileSim 原生模型：don't support VisionEncoderBlock now,,,"[{""name"": ""vision_hidden"", ""role"": ""input"", ""shape"": [256, 1280], ""dtype"": ""fp16"", ""expression"": ""[vision_patch_tokens, vision_hidden_size]""}, {""name"": ""norm1_scale"", ""role"": ""parameter"", ""shape"": [1280], ""dtype"": ""fp16"", ""expression"": ""[vision_hidden_size]""}, {""name"": ""qkv_weight"", ""role"": ""parameter"", ""shape"": [3840, 1280], ""dtype"": ""fp16"", ""expression"": ""[3 * vision_hidden_size, vision_hidden_size]""}, {""name"": ""o_weight"", ""role"": ""parameter"", ""shape"": [1280, 1280], ""dtype"": ""fp16"", ""expression"": ""[vision_hidden_size, vision_hidden_size]""}, {""name"": ""norm2_scale"", ""role"": ""parameter"", ""shape"": [1280], ""dtype"": ""fp16"", ""expression"": ""[vision_hidden_size]""}, {""name"": ""fc1_weight"", ""role"": ""parameter"", ""shape"": [3420, 1280], ""dtype"": ""fp16"", ""expression"": ""[vision_intermediate_size, vision_hidden_size]""}, {""name"": ""fc2_weight"", ""role"": ""parameter"", ""shape"": [1280, 3420], ""dtype"": ""fp16"", ""expression"": ""[vision_hidden_size, vision_intermediate_size]""}]","{""vision_attention_token_pairs"": 65536, ""vision_num_heads"": 16}",,,12c8befd4a3804fbb6914d56b51f7d43fc6d1af14ccc9b32d5f3776e1f1ae679,10
tilesim-fp16,asset:87,VisionPatchEmbed,87,H200_Server/train,unsupported,TileSim 原生模型：don't support VisionPatchEmbed now,,,"[{""name"": ""pixel_values"", ""role"": ""input"", ""shape"": [256, 1176], ""dtype"": ""fp16"", ""expression"": ""[vision_patch_tokens, vision_in_channels * vision_temporal_patch_size * vision_patch_size * vision_patch_size]""}, {""name"": ""projection_weight"", ""role"": ""parameter"", ""shape"": [1280, 1176], ""dtype"": ""fp16"", ""expression"": ""[vision_hidden_size, vision_in_channels * vision_temporal_patch_size * vision_patch_size * vision_patch_size]""}]","{""vision_in_channels"": 3, ""vision_patch_size"": 14, ""vision_temporal_patch_size"": 2}",,,87b6a23fbb0e3e9675e01370aa6512cc0fb2184a9a1c1431e6259c92860996a3,10
tilesim-fp16,asset:88,VisionPatchMerger,88,H200_Server/train,unsupported,TileSim 原生模型：don't support VisionPatchMerger now,,,"[{""name"": ""vision_hidden"", ""role"": ""input"", ""shape"": [256, 1280], ""dtype"": ""fp16"", ""expression"": ""[vision_patch_tokens, vision_hidden_size]""}, {""name"": ""norm_scale"", ""role"": ""parameter"", ""shape"": [1280], ""dtype"": ""fp16"", ""expression"": ""[vision_hidden_size]""}, {""name"": ""fc1_weight"", ""role"": ""parameter"", ""shape"": [5120, 5120], ""dtype"": ""fp16"", ""expression"": ""[vision_hidden_size * vision_spatial_merge_size * vision_spatial_merge_size, vision_hidden_size * vision_spatial_merge_size * vision_spatial_merge_size]""}, {""name"": ""fc2_weight"", ""role"": ""parameter"", ""shape"": [4096, 5120], ""dtype"": ""fp16"", ""expression"": ""[vision_out_hidden_size, vision_hidden_size * vision_spatial_merge_size * vision_spatial_merge_size]""}]","{""vision_merged_tokens"": 64, ""vision_spatial_merge_size"": 2}",,,181def296fc90d234f8509b504b2ede5ee038591eba9de81d6aa41f935021d64,10
tilesim-fp16,asset:89,VisionTextEmbeddingMerge,89,H200_Server/train,unsupported,TileSim 原生模型：don't support VisionTextEmbeddingMerge now,,,"[{""name"": ""text_embeddings"", ""role"": ""input"", ""shape"": [1, 2048, 16384], ""dtype"": ""fp16"", ""expression"": ""[B, S, hc_count * hidden_size]""}, {""name"": ""visual_embeddings"", ""role"": ""input"", ""shape"": [64, 4096], ""dtype"": ""fp16"", ""expression"": ""[vision_merged_tokens, hidden_size]""}]","{""hc_count"": 4}",,,07d0fdb598013e786f35e75a404f732fba563c8503739b1451e1eb4d38c0784e,10
